case_id,path,slice_count,repeat_index,geometry_seed,known_fraction,mae_all,rmse_all,psnr_all,ssim_all,mae_known,rmse_known,psnr_known,ssim_known,mae_missing,rmse_missing,psnr_missing,ssim_missing
liver_124,liver_124.nii.gz,4,0,3225591062,0.0713353157043457,0.004529206082224846,0.03244448080658913,29.777183532714844,0.8697075247764587,1.1952722882638267e-12,9.999999974752427e-07,120.0,0.890349268913269,0.004877116531133652,0.033667538315057755,29.455774307250977,0.8681219816207886
liver_124,liver_124.nii.gz,4,1,1072368692,0.06837654113769531,0.004978056997060776,0.033918917179107666,29.391159057617188,0.866593599319458,9.975950621132768e-12,1.0000001111620804e-06,120.0,0.8861371874809265,0.005343421828001738,0.03514162078499794,29.08356475830078,0.8651592135429382
liver_124,liver_124.nii.gz,4,2,3285935949,0.06964254379272461,0.00376838818192482,0.027358612045645714,31.25811767578125,0.8721015453338623,1.938515103647176e-12,9.999999974752427e-07,120.0,0.8848272562026978,0.004050473682582378,0.028364108875393867,30.944616317749023,0.8711488842964172
liver_124,liver_124.nii.gz,4,3,3654303465,0.07210063934326172,0.004182847682386637,0.03137405961751938,30.068586349487305,0.8683140277862549,6.898411963190965e-12,1.0000001111620804e-06,120.0,0.878508448600769,0.004507867619395256,0.032570187002420425,29.743595123291016,0.8675218820571899
liver_124,liver_124.nii.gz,4,4,1494438179,0.0710611343383789,0.0042484719306230545,0.03188226744532585,29.92901611328125,0.8705968856811523,1.7998262385673924e-12,9.999999974752427e-07,120.0,0.8858371376991272,0.004573467653244734,0.033079247921705246,29.60888671875,0.8694311380386353
liver_124,liver_124.nii.gz,4,5,837779151,0.0728302001953125,0.004252961836755276,0.03067976050078869,30.262962341308594,0.869384229183197,4.493929100374272e-12,9.999999974752427e-07,120.0,0.8855292201042175,0.004587036557495594,0.03186194971203804,29.934555053710938,0.8681160807609558
liver_124,liver_124.nii.gz,4,6,2052571007,0.06979990005493164,0.004241530317813158,0.03168851137161255,29.981964111328125,0.8693647980690002,1.8323478585130504e-12,9.999999974752427e-07,120.0,0.8790581226348877,0.00455980421975255,0.03285592049360275,29.667728424072266,0.8686375617980957
liver_124,liver_124.nii.gz,4,7,1218011717,0.0717616081237793,0.003192927222698927,0.024520812556147575,32.20930480957031,0.8756340742111206,9.90143297213697e-13,9.999999974752427e-07,120.0,0.8815611600875854,0.0034397707786411047,0.025451013818383217,31.88589859008789,0.8751758337020874
liver_124,liver_124.nii.gz,8,0,2369608804,0.1300220489501953,0.002483854303136468,0.02283126674592495,32.82939910888672,0.8844344019889832,1.8472686921788828e-11,1.0000002248489182e-06,120.0,0.8971278071403503,0.002855077385902405,0.024477995932102203,32.224483489990234,0.8825373649597168
liver_124,liver_124.nii.gz,8,1,1913786173,0.13246583938598633,0.0016491024289280176,0.01588032767176628,35.982810974121094,0.8919446468353271,2.5441978385165598e-11,1.0000003385357559e-06,120.0,0.8926005959510803,0.0019009077223017812,0.017049677670001984,35.36567687988281,0.891844630241394
liver_124,liver_124.nii.gz,8,2,2230835363,0.1398477554321289,0.0017869435250759125,0.017414608970284462,35.181724548339844,0.8906077146530151,1.2168589053063172e-11,1.0000001111620804e-06,120.0,0.899258017539978,0.002077473560348153,0.018776994198560715,34.5274772644043,0.8892013430595398
liver_124,liver_124.nii.gz,8,3,2087069938,0.1359696388244629,0.001822403515689075,0.017152445390820503,35.313480377197266,0.8899658918380737,1.5722961127506707e-11,1.0000002248489182e-06,120.0,0.8963083624839783,0.002109189284965396,0.01845276914536953,34.678768157958984,0.8889678120613098
liver_124,liver_124.nii.gz,8,4,657830375,0.13250207901000977,0.0025192834436893463,0.023251909762620926,32.67082595825195,0.8849846124649048,1.861458730212373e-11,1.0000002248489182e-06,120.0,0.8971284627914429,0.0029040800873190165,0.024964589625597,32.05351257324219,0.8831298351287842
liver_124,liver_124.nii.gz,8,5,3040924575,0.13643455505371094,0.0022815633565187454,0.020352907478809357,33.82747268676758,0.8847436904907227,2.4976132273479834e-11,1.0000003385357559e-06,120.0,0.8966726660728455,0.0026420271024107933,0.021901750937104225,33.190425872802734,0.8828589916229248
liver_124,liver_124.nii.gz,8,6,890855267,0.13514423370361328,0.00260803010314703,0.02326934225857258,32.6643180847168,0.8838079571723938,1.5018840338054673e-11,1.0000002248489182e-06,120.0,0.8996502161026001,0.0030155666172504425,0.02502143755555153,32.033756256103516,0.8813324570655823
liver_124,liver_124.nii.gz,8,7,942436546,0.13469409942626953,0.0017356270691379905,0.017179924994707108,35.29957580566406,0.8913543224334717,1.78508926390597e-11,1.0000002248489182e-06,120.0,0.8978714942932129,0.0020057959482073784,0.0184687040746212,34.67127227783203,0.8903400301933289
liver_124,liver_124.nii.gz,16,0,522661646,0.24555397033691406,0.0013276932295411825,0.01536137517541647,36.27139663696289,0.895756185054779,5.445068701481759e-11,1.0000007932831068e-06,119.99999237060547,0.9051380157470703,0.001759825274348259,0.01768544502556324,35.04767990112305,0.8927026987075806
liver_124,liver_124.nii.gz,16,1,3544093366,0.23494815826416016,0.0008740878547541797,0.010594691149890423,39.498233795166016,0.9000188112258911,8.14752848521394e-11,1.00000113434362e-06,119.99999237060547,0.9067513942718506,0.001142521039582789,0.0121127525344491,38.33514404296875,0.8979514241218567
liver_124,liver_124.nii.gz,16,2,1969056847,0.24940061569213867,0.001049215905368328,0.012607375159859657,37.98750686645508,0.8986454010009766,4.7863449315066475e-11,1.000000679596269e-06,119.99999237060547,0.9041944146156311,0.0013978374190628529,0.014551929198205471,36.7415885925293,0.896801769733429
liver_124,liver_124.nii.gz,16,3,601988699,0.23951339721679688,0.0012828574981540442,0.014816969633102417,36.58481216430664,0.8960899114608765,4.715078327777178e-11,1.000000679596269e-06,119.99999237060547,0.9052264094352722,0.0016868903767317533,0.016990792006254196,35.395729064941406,0.893212616443634
liver_124,liver_124.nii.gz,16,4,748156674,0.24945068359375,0.0014372835867106915,0.016771715134382248,35.508453369140625,0.8947907090187073,5.4899255280682624e-11,1.0000007932831068e-06,119.99999237060547,0.9043377637863159,0.0019149755826219916,0.019359219819307327,34.26224136352539,0.891618013381958
liver_124,liver_124.nii.gz,16,5,1410290784,0.2548823356628418,0.0015337786171585321,0.016899196431040764,35.44268035888672,0.893397867679596,4.688327503998835e-11,1.000000679596269e-06,119.99999237060547,0.9043340086936951,0.0020584380254149437,0.01957733742892742,34.1649284362793,0.8896570801734924
liver_124,liver_124.nii.gz,16,6,2170131172,0.24667596817016602,0.00099497614428401,0.011851092800498009,38.52483367919922,0.8987807631492615,5.436977257300413e-11,1.0000007932831068e-06,119.99999237060547,0.9053540825843811,0.0013207810698077083,0.013654238544404507,37.29465103149414,0.8966286182403564
liver_124,liver_124.nii.gz,16,7,3272762434,0.25908851623535156,0.0013457783497869968,0.015710247680544853,36.07633972167969,0.8958501815795898,4.695431543577655e-11,1.000000679596269e-06,119.99999237060547,0.9038094282150269,0.0018163820495828986,0.018251555040478706,34.77400207519531,0.8930671215057373
liver_124,liver_124.nii.gz,32,0,1032639160,0.42200613021850586,0.0004181000986136496,0.006797309499233961,43.35325622558594,0.9041823148727417,1.240062497132044e-10,1.0000020438383217e-06,119.99998474121094,0.9088484644889832,0.0007233641226775944,0.00894078053534031,40.97248840332031,0.9007757902145386
liver_124,liver_124.nii.gz,32,1,383020494,0.42768001556396484,0.0004270021163392812,0.006877608131617308,43.251251220703125,0.9040834903717041,1.1881053085804893e-10,1.000001930151484e-06,119.99998474121094,0.9088535308837891,0.000746089790482074,0.009091132320463657,40.827640533447266,0.9005194306373596
liver_124,liver_124.nii.gz,32,2,213430323,0.4257669448852539,0.00040335740777663887,0.006562786642462015,43.658233642578125,0.9043036699295044,1.416192163539165e-10,1.0000022712119971e-06,119.99998474121094,0.9093387722969055,0.0007024279329925776,0.008660524152219296,41.24911880493164,0.9005706906318665
liver_124,liver_124.nii.gz,32,3,1043305244,0.42357730865478516,0.00044975162018090487,0.007393823470920324,42.62261962890625,0.9038420915603638,1.2986112185586762e-10,1.0000020438383217e-06,119.99998474121094,0.9087434411048889,0.0007802462205290794,0.009738645516335964,40.23003005981445,0.9002406001091003
liver_124,liver_124.nii.gz,32,4,1415992967,0.41582536697387695,0.0004416275769472122,0.006941872648894787,43.170467376708984,0.9041524529457092,1.1972819957684067e-10,1.000001930151484e-06,119.99998474121094,0.9089495539665222,0.000755985442083329,0.009082498028874397,40.83589553833008,0.9007380604743958
liver_124,liver_124.nii.gz,32,5,911017382,0.4232783317565918,0.00043259692029096186,0.006765994243323803,43.393367767333984,0.9040076732635498,1.2589480846703083e-10,1.0000020438383217e-06,119.99998474121094,0.9092198610305786,0.0007500963984057307,0.008909400552511215,41.00303268432617,0.9001827836036682
liver_124,liver_124.nii.gz,32,6,487094641,0.4195098876953125,0.00046771042980253696,0.007587919943034649,42.397544860839844,0.9037609100341797,1.4123381630870568e-10,1.0000022712119971e-06,119.99998474121094,0.9088696241378784,0.000805716379545629,0.009959219954907894,40.03549575805664,0.9000694155693054
liver_124,liver_124.nii.gz,32,7,1401313635,0.41310548782348633,0.0006567140808328986,0.009598338976502419,40.3560791015625,0.9020896553993225,1.1876201411187282e-10,1.000001930151484e-06,119.99998474121094,0.9075160026550293,0.0011189643992111087,0.012528989464044571,38.04167938232422,0.8982704877853394
liver_124,liver_124.nii.gz,64,0,3547726341,0.6574645042419434,0.00011245019413763657,0.0031357789412140846,50.073089599609375,0.9064838886260986,2.788420327970442e-10,1.0000051133829402e-06,119.99995422363281,0.9091690182685852,0.00032828719122335315,0.00535787595435977,45.42014694213867,0.9013303518295288
liver_124,liver_124.nii.gz,64,1,35539575,0.6542978286743164,0.00018103778711520135,0.004319015424698591,47.29230499267578,0.9060429334640503,2.4446769608665875e-10,1.0000045449487516e-06,119.99996185302734,0.9084994792938232,0.0005236808792687953,0.007345708552747965,42.679325103759766,0.9013941287994385
liver_124,liver_124.nii.gz,64,2,2100042948,0.6550750732421875,6.713309994665906e-05,0.0023780411574989557,52.475616455078125,0.9067885875701904,3.0119509664139343e-10,1.000005568130291e-06,119.99995422363281,0.9097617864608765,0.00019463048374745995,0.004049086477607489,47.85285949707031,0.9011425971984863
liver_124,liver_124.nii.gz,64,3,752500826,0.6592788696289062,0.00014150352217257023,0.003343914169818163,49.51490020751953,0.9063435196876526,2.588860514851632e-10,1.0000048860092647e-06,119.99996185302734,0.9087015986442566,0.00041530546150170267,0.005728693213313818,44.83888626098633,0.9017816185951233
liver_124,liver_124.nii.gz,64,4,1584259699,0.6482968330383301,0.00011604523751884699,0.003172144293785095,49.972938537597656,0.9064960479736328,2.485998074064355e-10,1.0000046586355893e-06,119.99996185302734,0.9091830849647522,0.0003299517557024956,0.005348903592675924,45.4347038269043,0.9015432596206665
liver_124,liver_124.nii.gz,64,5,1606604259,0.653233528137207,0.00015678511408623308,0.003689768258482218,48.66001510620117,0.9062089323997498,2.492009099075432e-10,1.0000046586355893e-06,119.99996185302734,0.9086407423019409,0.0004521341761574149,0.006265857256948948,44.060386657714844,0.9016283750534058
liver_124,liver_124.nii.gz,64,6,3990433471,0.6707668304443359,0.00014720854233019054,0.0036851749755442142,48.67083740234375,0.9062983393669128,2.5729454677936303e-10,1.000004772322427e-06,119.99996185302734,0.9086359143257141,0.0004471249703783542,0.006422532722353935,43.84587097167969,0.9015365839004517
liver_124,liver_124.nii.gz,64,7,2257550741,0.6578803062438965,0.00011938651732634753,0.0032286823261529207,49.81949234008789,0.9064901471138,2.618601446791047e-10,1.0000048860092647e-06,119.99996185302734,0.9090777039527893,0.00034896074794232845,0.005519964266568422,45.161277770996094,0.9015149474143982
liver_124,liver_124.nii.gz,128,0,2720805550,0.8688173294067383,3.771782940020785e-05,0.0018807401647791266,54.513427734375,0.9069722890853882,3.2411573425150664e-10,1.000005568130291e-06,119.99995422363281,0.9078212976455688,0.0002875193313229829,0.0051926677115261555,45.69219207763672,0.901350736618042
liver_124,liver_124.nii.gz,128,1,2533788293,0.8697323799133301,4.142214675084688e-05,0.0019937383476644754,54.00663757324219,0.9069151282310486,3.295325123886528e-10,1.0000056818171288e-06,119.99995422363281,0.907804012298584,0.0003179750929120928,0.005523952189832926,45.154998779296875,0.9009814262390137
liver_124,liver_124.nii.gz,128,2,1152474353,0.8692584037780762,1.7908965673996136e-05,0.00117689894977957,58.58521270751953,0.9070922136306763,3.306872553565654e-10,1.000005568130291e-06,119.99995422363281,0.9080348014831543,0.00013697764370590448,0.0032548587769269943,49.74935531616211,0.9008259773254395
liver_124,liver_124.nii.gz,128,3,1836592928,0.8693099021911621,2.004728594329208e-05,0.0012156879529356956,58.303558349609375,0.9070959687232971,3.260402503535431e-10,1.000005568130291e-06,119.99995422363281,0.9080031514167786,0.00015339341189246625,0.0033627967350184917,49.46598434448242,0.9010631442070007
liver_124,liver_124.nii.gz,128,4,10320579,0.8577837944030762,3.40831174980849e-05,0.0019490312552079558,54.2036247253418,0.9069743156433105,3.3973912572093923e-10,1.0000059091908042e-06,119.99995422363281,0.9080086350440979,0.0002396550407866016,0.005168258212506771,45.73311233520508,0.9007365703582764
liver_124,liver_124.nii.gz,128,5,1422574552,0.8712434768676758,6.256717460928485e-05,0.0031301151029765606,50.08879089355469,0.9066357612609863,3.198185050123925e-10,1.0000054544434533e-06,119.99995422363281,0.9076903462409973,0.00048593187239021063,0.00872319657355547,41.186485290527344,0.8995015025138855
liver_124,liver_124.nii.gz,128,6,1299236806,0.8572616577148438,1.4334968000184745e-05,0.0010822713375091553,59.31327819824219,0.9071194529533386,3.5471273140963433e-10,1.000006022877642e-06,119.99993896484375,0.9081740975379944,0.00010042615758720785,0.002864610869437456,50.85868835449219,0.900786280632019
liver_124,liver_124.nii.gz,128,7,4160494046,0.8706369400024414,2.0502993720583618e-05,0.0015024010790511966,56.46427917480469,0.9070782661437988,3.3742655891622064e-10,1.0000059091908042e-06,119.99995422363281,0.9079957008361816,0.00015848959446884692,0.004177155904471874,47.58238983154297,0.9009045958518982
liver_103,liver_103.nii.gz,4,0,460167624,0.07384538650512695,0.010114645585417747,0.05049537494778633,25.934967041015625,0.8294976949691772,3.463931832342615e-12,9.999999974752427e-07,120.0,0.8581644892692566,0.010921119712293148,0.052469853311777115,25.601802825927734,0.8272120952606201
liver_103,liver_103.nii.gz,4,1,3795332714,0.06519699096679688,0.011742212809622288,0.05679726228117943,24.9134521484375,0.8252228498458862,9.508852039097349e-12,1.0000001111620804e-06,120.0,0.8569095134735107,0.012561162933707237,0.05874451994895935,24.620651245117188,0.8230128884315491
liver_103,liver_103.nii.gz,4,2,262434615,0.07116270065307617,0.011116933077573776,0.054772794246673584,25.228700637817383,0.8285229802131653,1.9969527333824066e-12,9.999999974752427e-07,120.0,0.8582621216773987,0.011968654580414295,0.05683228000998497,24.908100128173828,0.8262445330619812
liver_103,liver_103.nii.gz,4,3,1566180106,0.07426834106445312,0.013217504136264324,0.06250834465026855,24.081239700317383,0.8229745030403137,4.018238866643209e-12,9.999999974752427e-07,120.0,0.8696147203445435,0.014277899637818336,0.06496739387512207,23.746089935302734,0.8192327618598938
liver_103,liver_103.nii.gz,4,4,904094010,0.07198381423950195,0.00903510395437479,0.04481314495205879,26.971891403198242,0.8358255624771118,8.303868009873483e-12,1.0000001111620804e-06,120.0,0.8709138631820679,0.009735933504998684,0.046518709510564804,26.647445678710938,0.8331037759780884
liver_103,liver_103.nii.gz,4,5,1471311617,0.07384061813354492,0.01213619951158762,0.05822254344820976,24.698177337646484,0.823204755783081,7.698123280323876e-13,9.999999974752427e-07,120.0,0.8713449835777283,0.013103791512548923,0.06049901619553566,24.365034103393555,0.8193666338920593
liver_103,liver_103.nii.gz,4,6,530351581,0.06944465637207031,0.010975183919072151,0.05527088791131973,25.150070190429688,0.825524091720581,1.7394033262341235e-12,9.999999974752427e-07,120.0,0.8557608723640442,0.011794229969382286,0.057296138256788254,24.837493896484375,0.8232675790786743
liver_103,liver_103.nii.gz,4,7,3596428864,0.07097434997558594,0.009690029546618462,0.04979327321052551,26.05658721923828,0.837925136089325,1.3214864098831658e-11,1.0000002248489182e-06,120.0,0.856479287147522,0.01043031457811594,0.051660288125276566,25.73686408996582,0.8365076184272766
liver_103,liver_103.nii.gz,8,0,3923246451,0.14275836944580078,0.005069776438176632,0.03022739663720131,30.391986846923828,0.8646350502967834,1.2467987579867224e-11,1.0000001111620804e-06,120.0,0.8861678838729858,0.005914057604968548,0.03264743834733963,29.7230167388916,0.861049234867096
liver_103,liver_103.nii.gz,8,1,3365060413,0.13385868072509766,0.005633078515529633,0.03358978033065796,29.47585678100586,0.8607102632522583,2.0595644981136196e-11,1.0000003385357559e-06,120.0,0.8796027898788452,0.00650364812463522,0.03609215468168259,28.851741790771484,0.8577906489372253
liver_103,liver_103.nii.gz,8,2,2230818097,0.14558744430541992,0.007306165061891079,0.042003899812698364,27.534208297729492,0.8521661162376404,2.1892572824033785e-11,1.0000003385357559e-06,120.0,0.8902314901351929,0.008551097474992275,0.04544183239340782,26.85088348388672,0.8456801176071167
liver_103,liver_103.nii.gz,8,3,3768589449,0.13486480712890625,0.005766131915152073,0.0342792347073555,29.29937744140625,0.8592367768287659,1.3028149739580108e-11,1.0000002248489182e-06,120.0,0.8838472962379456,0.006665006745606661,0.03685438260436058,28.670217514038086,0.8554004430770874
liver_103,liver_103.nii.gz,8,4,2661807559,0.13518190383911133,0.005528296809643507,0.032462600618600845,29.772335052490234,0.8611236810684204,1.53480960579655e-11,1.0000002248489182e-06,120.0,0.8795878291130066,0.006392438896000385,0.03490767627954483,29.14158058166504,0.8582375645637512
liver_103,liver_103.nii.gz,8,5,3727723712,0.14036226272583008,0.006127758417278528,0.03636055812239647,28.78738784790039,0.856889009475708,1.542707454837977e-11,1.0000002248489182e-06,120.0,0.88475102186203,0.007128303404897451,0.03921686112880707,28.130542755126953,0.8523398041725159
liver_103,liver_103.nii.gz,8,6,3404085790,0.13324642181396484,0.005597807466983795,0.03329760953783989,29.551738739013672,0.8606361746788025,2.3950633143421385e-11,1.0000003385357559e-06,120.0,0.884212076663971,0.00645836116746068,0.03576557710766792,28.930694580078125,0.8570119738578796
liver_103,liver_103.nii.gz,8,7,305848214,0.1452035903930664,0.006674614734947681,0.03952066972851753,28.063514709472656,0.8562747240066528,8.468682352602563e-12,1.0000001111620804e-06,120.0,0.8863191604614258,0.007808426395058632,0.04274575039744377,27.38214111328125,0.8511711955070496
liver_103,liver_103.nii.gz,16,0,3598058662,0.2624239921569824,0.0030017748940736055,0.020651856437325478,33.7008171081543,0.8858534097671509,5.3001217997783456e-11,1.0000007932831068e-06,119.99999237060547,0.8988383412361145,0.004069783724844456,0.02404671348631382,32.37888717651367,0.8812336921691895
liver_103,liver_103.nii.gz,16,1,991176734,0.23702287673950195,0.003576967865228653,0.0246781874448061,32.15373611450195,0.879339873790741,7.545111063711474e-11,1.00000113434362e-06,119.99999237060547,0.897255539894104,0.004688171669840813,0.028252538293600082,30.978851318359375,0.873774528503418
liver_103,liver_103.nii.gz,16,2,575086338,0.25162553787231445,0.0034677928779274225,0.02429519034922123,32.28959274291992,0.8829145431518555,5.6014796967485125e-11,1.0000009069699445e-06,119.99999237060547,0.8978965282440186,0.004633767064660788,0.02808411978185177,31.030784606933594,0.8778771758079529
liver_103,liver_103.nii.gz,16,3,775913354,0.25238704681396484,0.002934145973995328,0.019971294328570366,33.99187469482422,0.8862489461898804,6.932696777761649e-11,1.00000113434362e-06,119.99999237060547,0.8996017575263977,0.003924685996025801,0.023097651079297066,32.72864532470703,0.8817413449287415
liver_103,liver_103.nii.gz,16,4,1417541186,0.25159263610839844,0.004346213303506374,0.030733903869986534,30.24764633178711,0.8761201500892639,6.21579801518557e-11,1.0000010206567822e-06,119.99999237060547,0.8991163969039917,0.005807282868772745,0.03552619367837906,28.98902702331543,0.8683896064758301
liver_103,liver_103.nii.gz,16,5,2986940293,0.257997989654541,0.003069981001317501,0.021122004836797714,33.50529479980469,0.8852812647819519,5.591073437560823e-11,1.0000009069699445e-06,119.99999237060547,0.8997524380683899,0.004137429408729076,0.02452068403363228,32.2093505859375,0.8802497982978821
liver_103,liver_103.nii.gz,16,6,4287103007,0.24877595901489258,0.0035382681526243687,0.024014301598072052,32.390602111816406,0.8809900879859924,6.945097968946712e-11,1.00000113434362e-06,119.99999237060547,0.9002202153205872,0.004710003733634949,0.027706725522875786,31.148296356201172,0.8746219277381897
liver_103,liver_103.nii.gz,16,7,1395461366,0.24847173690795898,0.0032394593581557274,0.023095738142728806,32.72936248779297,0.8838446736335754,7.316620920239103e-11,1.00000113434362e-06,119.99999237060547,0.8997212052345276,0.004310495685786009,0.02664153091609478,31.48881721496582,0.8785955905914307
liver_103,liver_103.nii.gz,32,0,2757166487,0.4342350959777832,0.0016470535192638636,0.013542469590902328,37.36604309082031,0.8994319438934326,1.374447361479625e-10,1.0000022712119971e-06,119.99998474121094,0.9079874753952026,0.0029111977200955153,0.01800445094704628,34.89240264892578,0.8928656578063965
liver_103,liver_103.nii.gz,32,1,1991069271,0.4393458366394043,0.001478035468608141,0.014376788400113583,36.846763610839844,0.9015611410140991,1.5203839576205525e-10,1.0000023848988349e-06,119.99998474121094,0.9098102450370789,0.0026362694334238768,0.019200580194592476,34.33371353149414,0.895097017288208
liver_103,liver_103.nii.gz,32,2,1051673364,0.4360971450805664,0.001587394974194467,0.013022694736719131,37.70598220825195,0.8996505737304688,1.4217944876993016e-10,1.0000022712119971e-06,119.99998474121094,0.9086132049560547,0.0028150146827101707,0.01734198071062565,35.21802520751953,0.8927194476127625
liver_103,liver_103.nii.gz,32,3,3953004973,0.4392986297607422,0.0013971107546240091,0.012490974739193916,38.06807327270508,0.9020072221755981,1.4778549217719927e-10,1.0000023848988349e-06,119.99998474121094,0.9097716808319092,0.002491719787940383,0.016681324690580368,35.555389404296875,0.8959243893623352
liver_103,liver_103.nii.gz,32,4,2833888316,0.4305610656738281,0.0014281498733907938,0.012270079925656319,38.223052978515625,0.901975154876709,1.449975556289118e-10,1.0000023848988349e-06,119.99998474121094,0.9095808863639832,0.0025079946499317884,0.016260122880339622,35.777523040771484,0.8962247967720032
liver_103,liver_103.nii.gz,32,5,928075233,0.4159832000732422,0.0018608729587867856,0.015837496146559715,36.00627136230469,0.8968272805213928,1.6301499039528267e-10,1.0000026122725103e-06,119.99998474121094,0.9076745510101318,0.003186334390193224,0.020724013447761536,33.67052459716797,0.8891013264656067
liver_103,liver_103.nii.gz,32,6,2661061233,0.4339761734008789,0.0014462708495557308,0.01267161313444376,37.943363189697266,0.9013415575027466,1.5827561483661157e-10,1.0000024985856726e-06,119.99998474121094,0.9099593758583069,0.0025551412254571915,0.016842810437083244,35.471710205078125,0.8947345018386841
liver_103,liver_103.nii.gz,32,7,3629837251,0.43923187255859375,0.0018453554948791862,0.01667415350675583,35.55912399291992,0.898489773273468,1.5408908871084037e-10,1.0000024985856726e-06,119.99998474121094,0.9083037376403809,0.0032907635904848576,0.022266507148742676,33.046958923339844,0.8908031582832336
liver_103,liver_103.nii.gz,64,0,1493225061,0.6546921730041504,0.0005731399869546294,0.007571768946945667,42.416053771972656,0.90904700756073,3.4738573129189376e-10,1.0000062502513174e-06,119.99993896484375,0.9138212203979492,0.001659793546423316,0.012885288335382938,37.79811477661133,0.899995744228363
liver_103,liver_103.nii.gz,64,1,1559128617,0.6690163612365723,0.0006055239937268198,0.007756998762488365,42.20612335205078,0.9087908267974854,3.327109421302765e-10,1.000006022877642e-06,119.99993896484375,0.9130144715309143,0.0018294673645868897,0.013483121991157532,37.40419006347656,0.9002541899681091
liver_103,liver_103.nii.gz,64,2,1309967274,0.6579561233520508,0.0005228952504694462,0.007556939963251352,42.433082580566406,0.9096129536628723,3.7374148220692405e-10,1.0000067049986683e-06,119.99993896484375,0.9141789674758911,0.0015287366695702076,0.012921265326440334,37.77389907836914,0.9008302688598633
liver_103,liver_103.nii.gz,64,3,2315763529,0.6543183326721191,0.0005937846726737916,0.007612739223986864,42.369178771972656,0.9088703989982605,3.485454980189928e-10,1.0000062502513174e-06,119.99993896484375,0.9135617613792419,0.0017177205299958587,0.01294800266623497,37.755943298339844,0.8999911546707153
liver_103,liver_103.nii.gz,64,4,3697778671,0.6609072685241699,0.0005734502919949591,0.007291579153388739,42.743568420410156,0.9092913866043091,3.398312187208319e-10,1.0000061365644797e-06,119.99993896484375,0.9136044383049011,0.0016911303391680121,0.012521672993898392,38.0467529296875,0.9008857011795044
liver_103,liver_103.nii.gz,64,5,1451054638,0.6562843322753906,0.0005592395318672061,0.007561289239674807,42.42808532714844,0.9093148708343506,3.9194369971795595e-10,1.0000071597460192e-06,119.99993133544922,0.914122462272644,0.001627040677703917,0.012897222302854061,37.790077209472656,0.9001355767250061
liver_103,liver_103.nii.gz,64,6,2413856304,0.6595349311828613,0.0005099193076603115,0.007670125924050808,42.30394744873047,0.9095423221588135,3.7653041795593367e-10,1.000006818685506e-06,119.99993896484375,0.914299488067627,0.0014977133832871914,0.01314517017453909,37.62467575073242,0.900327742099762
liver_103,liver_103.nii.gz,64,7,2466218299,0.6539297103881836,0.0004346689966041595,0.006376681849360466,43.908103942871094,0.9103724956512451,3.827436700909459e-10,1.000006818685506e-06,119.99993896484375,0.9148606657981873,0.0012560129398480058,0.010839583352208138,39.299747467041016,0.9018921852111816
liver_103,liver_103.nii.gz,128,0,3896360190,0.8746895790100098,7.906241808086634e-05,0.002600672421976924,51.69828796386719,0.912808895111084,5.272747793938493e-10,1.0000087513617473e-06,119.99992370605469,0.9143388271331787,0.0006309288437478244,0.00734669528901577,42.67816162109375,0.9021300077438354
liver_103,liver_103.nii.gz,128,1,2221560691,0.8751087188720703,6.975010182941332e-05,0.0024945035111159086,52.06031799316406,0.9128457307815552,5.492361565551107e-10,1.0000092061090982e-06,119.99992370605469,0.9144125580787659,0.0005584827740676701,0.007058591116219759,43.02564239501953,0.9018672704696655
liver_103,liver_103.nii.gz,128,2,1305976591,0.8728499412536621,7.599443779326975e-05,0.00254050618968904,51.90159225463867,0.9128578305244446,5.453905105312629e-10,1.0000090924222604e-06,119.99992370605469,0.914451539516449,0.0005976715474389493,0.007124624215066433,42.944759368896484,0.901918351650238
liver_103,liver_103.nii.gz,128,3,1734276334,0.879270076751709,8.455412171315402e-05,0.002982370089739561,50.50876998901367,0.9126765727996826,5.41407307874664e-10,1.0000090924222604e-06,119.99992370605469,0.9141959547996521,0.0007003537029959261,0.008583295159041882,41.32691955566406,0.9016118049621582
liver_103,liver_103.nii.gz,128,4,3576215198,0.8782167434692383,6.965345528442413e-05,0.002524356124922633,51.95698547363281,0.9128260612487793,5.632649902054254e-10,1.0000094334827736e-06,119.99991607666016,0.9143590331077576,0.0005719419568777084,0.0072336383163928986,42.812862396240234,0.9017726182937622
liver_103,liver_103.nii.gz,128,5,52607571,0.8662142753601074,0.00012673393939621747,0.0034191831946372986,49.32155227661133,0.9124770760536194,5.290368698673831e-10,1.000008865048585e-06,119.99992370605469,0.914112389087677,0.0009472869569435716,0.009347973391413689,40.58565139770508,0.9018898606300354
liver_103,liver_103.nii.gz,128,6,3590549741,0.8746457099914551,0.00010244233999401331,0.003176821628585458,49.960140228271484,0.9126359820365906,5.519567025658034e-10,1.0000093197959359e-06,119.99992370605469,0.9141907095909119,0.0008172186790034175,0.008972701616585255,40.94153594970703,0.9017882347106934
liver_103,liver_103.nii.gz,128,7,906325375,0.8668317794799805,0.00010510436550248414,0.003188184928148985,49.92912673950195,0.9126303195953369,5.294428784274885e-10,1.000008865048585e-06,119.99992370605469,0.9142133593559265,0.0007892566500231624,0.00873661506921053,41.173133850097656,0.9023267030715942
liver_78,liver_78.nii.gz,4,0,1921013637,0.07205963134765625,0.0034837080165743828,0.02711985632777214,31.334251403808594,0.8779053688049316,3.3525641030679454e-12,9.999999974752427e-07,120.0,0.8948009014129639,0.0037542369682341814,0.028153173625469208,31.00945281982422,0.8765932321548462
liver_78,liver_78.nii.gz,4,1,565180328,0.06841802597045898,0.004130309447646141,0.031707897782325745,29.97665023803711,0.8689143061637878,2.7001818749677886e-12,9.999999974752427e-07,120.0,0.8771620392799377,0.004433650989085436,0.032851628959178925,29.668861389160156,0.8683086037635803
liver_78,liver_78.nii.gz,4,2,3481971746,0.07371187210083008,0.0032648686319589615,0.024864908307790756,32.08826446533203,0.8774319887161255,4.916125232595769e-12,9.999999974752427e-07,120.0,0.8928705453872681,0.003524679457768798,0.025835318490862846,31.75572395324707,0.8762035369873047
liver_78,liver_78.nii.gz,4,3,3613710548,0.06962442398071289,0.0044793495908379555,0.032735198736190796,29.69969940185547,0.8566030263900757,5.102683033053612e-12,9.999999974752427e-07,120.0,0.8620725274085999,0.004814560525119305,0.033937968313694,29.386281967163086,0.8561937212944031
liver_78,liver_78.nii.gz,4,4,4204456392,0.07362508773803711,0.003729133168235421,0.027830615639686584,31.109542846679688,0.8742805123329163,7.720658964580074e-13,9.999999974752427e-07,120.0,0.8960540890693665,0.004025511909276247,0.028915414586663246,30.77741241455078,0.8725501894950867
liver_78,liver_78.nii.gz,4,5,2115630535,0.06933355331420898,0.0030527457129210234,0.02426287718117237,32.30115509033203,0.8799489140510559,4.304235787233601e-12,9.999999974752427e-07,120.0,0.8956308960914612,0.0032801716588437557,0.025150422006845474,31.98909568786621,0.8787806630134583
liver_78,liver_78.nii.gz,4,6,597828440,0.07161664962768555,0.0036887796595692635,0.029235823079943657,30.68169403076172,0.8744556307792664,1.0516762807832869e-11,1.0000001111620804e-06,120.0,0.8910201191902161,0.003973336890339851,0.030342521145939827,30.358966827392578,0.8731778264045715
liver_78,liver_78.nii.gz,4,7,3913475924,0.07079601287841797,0.004178859293460846,0.03218943625688553,29.845733642578125,0.8739973306655884,2.007295805267484e-12,9.999999974752427e-07,120.0,0.8873752951622009,0.004497246351093054,0.03339318186044693,29.526844024658203,0.8729780316352844
liver_78,liver_78.nii.gz,8,0,4180994554,0.12000226974487305,0.00268508680164814,0.024164419621229172,32.33647155761719,0.882387638092041,2.705932353186391e-11,1.0000003385357559e-06,120.0,0.8868136405944824,0.0030512427911162376,0.025759391486644745,31.781288146972656,0.881784200668335
liver_78,liver_78.nii.gz,8,1,3115941198,0.13219785690307617,0.0022789135109633207,0.02230154722929001,33.03329849243164,0.8846673965454102,2.0861109714664927e-11,1.0000003385357559e-06,120.0,0.8975367546081543,0.002626074943691492,0.02394002676010132,32.41750717163086,0.8827070593833923
liver_78,liver_78.nii.gz,8,2,1088816,0.13770771026611328,0.002083343453705311,0.021123673766851425,33.504608154296875,0.8892112970352173,1.8423672309975103e-11,1.0000002248489182e-06,120.0,0.9035037755966187,0.002416052622720599,0.02274794690310955,32.86115646362305,0.8869287967681885
liver_78,liver_78.nii.gz,8,3,770678734,0.1378026008605957,0.001795652904547751,0.018001599237322807,34.893775939941406,0.891342282295227,9.861301011881984e-12,1.0000001111620804e-06,120.0,0.9018734693527222,0.002082647057250142,0.01938687264919281,34.24984359741211,0.8896591067314148
liver_78,liver_78.nii.gz,8,4,3265507401,0.1361989974975586,0.001843966543674469,0.018543541431427002,34.636146545410156,0.8903727531433105,8.451451344315686e-12,1.0000001111620804e-06,120.0,0.9027765393257141,0.002134712180122733,0.019951971247792244,34.00028610229492,0.8884170055389404
liver_78,liver_78.nii.gz,8,5,2210805544,0.13435888290405273,0.0015476561384275556,0.016312260180711746,35.749717712402344,0.8929428458213806,1.660555720706114e-11,1.0000002248489182e-06,120.0,0.9029303789138794,0.001787872752174735,0.017532553523778915,35.12309646606445,0.8913927674293518
liver_78,liver_78.nii.gz,8,6,1595784751,0.13211297988891602,0.0018863477744162083,0.018770815804600716,34.530338287353516,0.8905177116394043,1.4346605500814569e-11,1.0000002248489182e-06,120.0,0.900854766368866,0.0021734945476055145,0.020148910582065582,33.91497039794922,0.8889442682266235
liver_78,liver_78.nii.gz,8,7,2633559742,0.1362757682800293,0.0020557071547955275,0.019713949412107468,34.10452651977539,0.8889317512512207,2.6722801055312217e-11,1.0000003385357559e-06,120.0,0.9012076258659363,0.002380050253123045,0.021212218329310417,33.46827697753906,0.8869949579238892
liver_78,liver_78.nii.gz,16,0,3333729808,0.24595403671264648,0.0008225633064284921,0.011030696332454681,39.14794158935547,0.9001146554946899,3.2007483469209674e-11,1.0000004522225936e-06,120.0,0.906315803527832,0.0010908662807196379,0.012702932581305504,37.92192077636719,0.8980920910835266
liver_78,liver_78.nii.gz,16,1,3567392735,0.24850749969482422,0.0013098171912133694,0.016739537939429283,35.52513122558594,0.8962506651878357,4.624497659810878e-11,1.000000679596269e-06,119.99999237060547,0.9060072898864746,0.0017429544823244214,0.01930994912981987,34.28437805175781,0.8930243253707886
liver_78,liver_78.nii.gz,16,2,1256302919,0.2604975700378418,0.0009742688853293657,0.012240282259881496,38.244171142578125,0.898937463760376,4.964256089534658e-11,1.0000007932831068e-06,119.99999237060547,0.9066141247749329,0.0013174654450267553,0.014233825728297234,36.93356704711914,0.8962334394454956
liver_78,liver_78.nii.gz,16,3,2715622811,0.2505369186401367,0.0006428969791159034,0.008557628840208054,41.352928161621094,0.9022897481918335,4.429912686676474e-11,1.000000679596269e-06,119.99999237060547,0.9078856110572815,0.0008578099659644067,0.009885037317872047,40.100433349609375,0.900419294834137
liver_78,liver_78.nii.gz,16,4,2122558371,0.2515897750854492,0.0008132123039104044,0.010556492954492569,39.529605865478516,0.9004166126251221,3.543899895763758e-11,1.0000005659094313e-06,120.0,0.9068883061408997,0.0010865862714126706,0.012202528305351734,38.27100372314453,0.8982412219047546
liver_78,liver_78.nii.gz,16,5,3913032008,0.25493288040161133,0.0007169169839471579,0.008919632993638515,40.99306106567383,0.9015051126480103,3.690057287508708e-11,1.0000005659094313e-06,120.0,0.9072564244270325,0.0009622179786674678,0.01033354364335537,39.71501159667969,0.8995374441146851
liver_78,liver_78.nii.gz,16,6,482834079,0.24557065963745117,0.0009155151201412082,0.011221062391996384,38.99932098388672,0.8997331857681274,2.827891913692593e-11,1.0000004522225936e-06,120.0,0.906121015548706,0.0012135200668126345,0.012918875552713871,37.77550506591797,0.8976541757583618
liver_78,liver_78.nii.gz,16,7,2580350305,0.25324440002441406,0.0009061240125447512,0.012147365137934685,38.310359954833984,0.8996245861053467,3.625654290684288e-11,1.0000005659094313e-06,120.0,0.9064751267433167,0.0012134143617004156,0.014057006686925888,37.042144775390625,0.8973014950752258
liver_78,liver_78.nii.gz,32,0,3609840297,0.41980743408203125,0.0005950529593974352,0.009787480346858501,40.186580657958984,0.9021439552307129,8.470999596221773e-11,1.0000013617172954e-06,119.99999237060547,0.9075241088867188,0.0010256128152832389,0.012849457561969757,37.822303771972656,0.8982513546943665
liver_78,liver_78.nii.gz,32,1,205882879,0.43482255935668945,0.00045018718810752034,0.006731797941029072,43.4373779296875,0.9036297798156738,7.930112122522814e-11,1.0000013617172954e-06,119.99999237060547,0.9072105288505554,0.000796541222371161,0.008954444900155067,40.959224700927734,0.9008751511573792
liver_78,liver_78.nii.gz,32,2,3248096673,0.4380836486816406,0.00037125879316590726,0.006250475067645311,44.08174133300781,0.9043223857879639,8.942862422811615e-11,1.000001475404133e-06,119.99999237060547,0.9079529047012329,0.0006607011309824884,0.008338293060660362,41.578453063964844,0.9014923572540283
liver_78,liver_78.nii.gz,32,3,1990616085,0.4213075637817383,0.000324036693200469,0.0049264198169112206,46.14937210083008,0.9048839807510376,7.400249163458383e-11,1.0000012480304576e-06,119.99999237060547,0.9083863496780396,0.0005599462310783565,0.006476009730249643,43.77384948730469,0.902334451675415
liver_78,liver_78.nii.gz,32,4,2205712485,0.43431663513183594,0.000537877029273659,0.008800460025668144,41.10988998413086,0.9026719331741333,7.534439738776655e-11,1.0000012480304576e-06,119.99999237060547,0.9073256850242615,0.0009508446091786027,0.011700883507728577,38.63562774658203,0.8990990519523621
liver_78,liver_78.nii.gz,32,5,3106462232,0.41651058197021484,0.0006604958325624466,0.010572019964456558,39.51683807373047,0.901279866695404,1.0034782033097045e-10,1.0000015890909708e-06,119.99999237060547,0.9072887897491455,0.0011319754412397742,0.013840172439813614,37.17716979980469,0.8969908952713013
liver_78,liver_78.nii.gz,32,6,3917928883,0.43123865127563477,0.00038263812894001603,0.006387222558259964,43.89375686645508,0.9042467474937439,8.581202415314237e-11,1.0000013617172954e-06,119.99999237060547,0.9081891775131226,0.0006727568106725812,0.008469290100038052,41.44306182861328,0.9012578129768372
liver_78,liver_78.nii.gz,32,7,644079930,0.42619752883911133,0.00027560751186683774,0.0046136584132909775,46.719093322753906,0.9052409529685974,8.918091959353447e-11,1.000001475404133e-06,119.99999237060547,0.9094516038894653,0.0004803176852874458,0.006090657785534859,44.30671691894531,0.902113676071167
liver_78,liver_78.nii.gz,64,0,477291656,0.6528511047363281,0.0001316928246524185,0.0030172683764249086,50.407718658447266,0.906102180480957,1.8019569170135696e-10,1.000003521767212e-06,119.99996948242188,0.9081380367279053,0.00037935515865683556,0.005121015012264252,45.8128776550293,0.9022738933563232
liver_78,liver_78.nii.gz,64,1,2658286222,0.6722197532653809,0.000114291840873193,0.0028865858912467957,50.79230880737305,0.9061793088912964,1.6427996463175276e-10,1.000003180706699e-06,119.99996948242188,0.9080232381820679,0.00034868399961851537,0.0050418865866959095,45.94813919067383,0.9023980498313904
liver_78,liver_78.nii.gz,64,2,1023799040,0.6633095741271973,0.00010804153862409294,0.0031615551561117172,50.001983642578125,0.9060341119766235,1.9002857620797897e-10,1.0000036354540498e-06,119.99996948242188,0.9082713723182678,0.0003208924608770758,0.00544860539957881,45.2742919921875,0.9016269445419312
liver_78,liver_78.nii.gz,64,3,345577324,0.6496305465698242,9.991582192014903e-05,0.002696421928703785,51.38424301147461,0.9062135219573975,2.01826014234463e-10,1.0000038628277252e-06,119.99996948242188,0.9085067510604858,0.00028517236933112144,0.004555380903184414,46.829505920410156,0.9019622206687927
liver_78,liver_78.nii.gz,64,4,2544692179,0.6612701416015625,9.939690062310547e-05,0.0027336538769304752,51.26512908935547,0.906247079372406,1.8658714850960934e-10,1.000003521767212e-06,119.99996948242188,0.9084325432777405,0.00029343966161832213,0.004696959163993597,46.563663482666016,0.9019811749458313
liver_78,liver_78.nii.gz,64,5,2067623207,0.6631851196289062,7.467302202712744e-05,0.0023014238104224205,52.760066986083984,0.9063680171966553,2.1260636307030012e-10,1.000003976514563e-06,119.99996185302734,0.9087705016136169,0.00022170302690938115,0.003965527284890413,48.03398132324219,0.9016382694244385
liver_78,liver_78.nii.gz,64,6,535410263,0.6630287170410156,0.0001033140579238534,0.002695075236260891,51.38858413696289,0.9062067270278931,1.8392208589457226e-10,1.000003521767212e-06,119.99996948242188,0.9084110260009766,0.0003065956989303231,0.004642740823328495,46.66450881958008,0.9018700122833252
liver_78,liver_78.nii.gz,64,7,3086343574,0.670011043548584,0.00012665514077525586,0.002947897417470813,50.60974884033203,0.9061274528503418,1.8030060777718404e-10,1.0000034080803744e-06,119.99996948242188,0.9080357551574707,0.00038381596095860004,0.005131716374307871,45.79474639892578,0.9022533297538757
liver_78,liver_78.nii.gz,128,0,659356077,0.8669247627258301,1.0950265277642757e-05,0.000914829084649682,60.77320098876953,0.9066526889801025,2.6493351956702327e-10,1.0000045449487516e-06,119.99996185302734,0.9075520038604736,8.228454680647701e-05,0.002507789758965373,52.01417922973633,0.9007952213287354
liver_78,liver_78.nii.gz,128,1,1694562896,0.8753209114074707,3.699981243698858e-05,0.0015973501140251756,55.93199920654297,0.9065207242965698,2.4067256521043134e-10,1.0000042038882384e-06,119.99996185302734,0.9072104096412659,0.00029675872065126896,0.004523798357695341,46.88993453979492,0.9016795754432678
liver_78,liver_78.nii.gz,128,2,732151280,0.8732366561889648,2.305990710738115e-05,0.0013836092548444867,57.17973327636719,0.9065526723861694,2.568434354088822e-10,1.0000044312619139e-06,119.99996185302734,0.9073795080184937,0.00018191130948252976,0.0038861227221786976,48.20966720581055,0.9008581042289734
liver_78,liver_78.nii.gz,128,3,3683215835,0.8674130439758301,3.0271841751527973e-05,0.0018164054490625858,54.81574630737305,0.9065593481063843,2.3993038111846943e-10,1.0000042038882384e-06,119.99996185302734,0.9073542952537537,0.00022831531532574445,0.004988412372767925,46.04075622558594,0.9013599753379822
liver_78,liver_78.nii.gz,128,4,3954212733,0.8641753196716309,1.7970982298720628e-05,0.0011270941467955709,58.96079635620117,0.9066309332847595,2.3890947553617536e-10,1.0000040902014007e-06,119.99996185302734,0.9074869155883789,0.00013230863260105252,0.0030582339968532324,50.290584564208984,0.9011857509613037
liver_78,liver_78.nii.gz,128,5,4245540250,0.868319034576416,1.5412166249006987e-05,0.0009945008205249906,60.04789733886719,0.906642496585846,2.5815147242091996e-10,1.0000044312619139e-06,119.99996185302734,0.9075191617012024,0.00011704000644385815,0.0027405861765146255,51.24312973022461,0.9008634686470032
liver_78,liver_78.nii.gz,128,6,3777757577,0.8670988082885742,2.1076681150589138e-05,0.0012584959622472525,58.00296401977539,0.9066153168678284,2.403267307382606e-10,1.0000040902014007e-06,119.99996185302734,0.9074088335037231,0.00015858752885833383,0.0034521310590207577,49.238250732421875,0.9014393091201782
liver_78,liver_78.nii.gz,128,7,871003227,0.8724651336669922,1.4735614968230948e-05,0.0009252146701328456,60.675148010253906,0.9066491723060608,2.4899063366667917e-10,1.0000043175750761e-06,119.99996185302734,0.9074655175209045,0.0001155401550931856,0.002590763848274946,51.7314453125,0.9010655283927917
liver_45,liver_45.nii.gz,4,0,1098561884,0.07537221908569336,0.003944165073335171,0.02782602049410343,31.110977172851562,0.8654406070709229,3.7708467533377477e-13,9.999999974752427e-07,120.0,0.8867695331573486,0.004265678580850363,0.028937939554452896,30.770647048950195,0.8637019395828247
liver_45,liver_45.nii.gz,4,1,2921002099,0.0681905746459961,0.004275577142834663,0.03037712723016739,30.34906578063965,0.8602818250656128,3.3539230420709387e-12,9.999999974752427e-07,120.0,0.8763328194618225,0.004588467534631491,0.031469013541936874,30.042335510253906,0.859107255935669
liver_45,liver_45.nii.gz,4,2,2733338680,0.0756068229675293,0.003381534479558468,0.025004250928759575,32.03972244262695,0.8645438551902771,9.39786510873071e-14,9.999999974752427e-07,120.0,0.8788556456565857,0.0036581128370016813,0.02600671350955963,31.698291778564453,0.8633732795715332
liver_45,liver_45.nii.gz,4,3,1379733526,0.06896591186523438,0.004186461213976145,0.030219459906220436,30.39426612854004,0.8609846830368042,7.759304266816147e-13,9.999999974752427e-07,120.0,0.8730667233467102,0.004496571142226458,0.03131871297955513,30.08392333984375,0.8600898385047913
liver_45,liver_45.nii.gz,4,4,4127695749,0.06760549545288086,0.002579496707767248,0.020194586366415024,33.895301818847656,0.8711361885070801,2.102026506415472e-13,9.999999974752427e-07,120.0,0.879834771156311,0.002766529330983758,0.020913902670145035,33.59130096435547,0.8705055713653564
liver_45,liver_45.nii.gz,4,5,3651297948,0.07283830642700195,0.004305568523705006,0.029357386752963066,30.645652770996094,0.8511478900909424,6.0969185903809835e-15,9.999999974752427e-07,120.0,0.8518779873847961,0.004643816035240889,0.0304887518286705,30.31720733642578,0.8510905504226685
liver_45,liver_45.nii.gz,4,6,4285282806,0.07204055786132812,0.0034992662258446217,0.024697523564100266,32.146934509277344,0.8620795011520386,3.9452371491249805e-13,9.999999974752427e-07,120.0,0.8821674585342407,0.0037709258031100035,0.0256382804363966,31.822221755981445,0.8605199456214905
liver_45,liver_45.nii.gz,4,7,3898060646,0.06997823715209961,0.0039438833482563496,0.026922855526208878,31.39757537841797,0.8650898337364197,1.4215273923257055e-12,9.999999974752427e-07,120.0,0.889013946056366,0.0042406353168189526,0.027917373925447464,31.082508087158203,0.8632897734642029
liver_45,liver_45.nii.gz,8,0,3978427189,0.13875246047973633,0.001685682451352477,0.015431148000061512,36.23203659057617,0.887389600276947,1.3778523677912546e-12,9.999999974752427e-07,120.0,0.8956972360610962,0.001957256579771638,0.016627779230475426,35.58331298828125,0.8860512375831604
liver_45,liver_45.nii.gz,8,1,721708039,0.13335466384887695,0.0022785114124417305,0.018969111144542694,34.43906021118164,0.8778687715530396,1.2005141889273596e-12,9.999999974752427e-07,120.0,0.8916284441947937,0.0026291164103895426,0.02037634514272213,33.817474365234375,0.8757516741752625
liver_45,liver_45.nii.gz,8,2,3452824383,0.13611316680908203,0.001548856496810913,0.01439172774553299,36.837738037109375,0.8916066288948059,1.4127261643501199e-12,9.999999974752427e-07,120.0,0.8983404040336609,0.0017928928136825562,0.015484048053622246,36.202308654785156,0.8905457854270935
liver_45,liver_45.nii.gz,8,3,131826129,0.13684606552124023,0.0017732660053297877,0.016469547525048256,35.66636657714844,0.8873578906059265,2.9952949842648735e-12,9.999999974752427e-07,120.0,0.8980464935302734,0.002054403070360422,0.017727093771100044,35.02724838256836,0.8856632709503174
liver_45,liver_45.nii.gz,8,4,79297537,0.13125181198120117,0.001762911444529891,0.016535421833395958,35.63169479370117,0.8879285454750061,6.902319969921689e-13,9.999999974752427e-07,120.0,0.8963480591773987,0.002029254799708724,0.017740601673722267,35.020633697509766,0.8866565227508545
liver_45,liver_45.nii.gz,8,5,60448250,0.1391301155090332,0.0023860158398747444,0.02039073407649994,33.811344146728516,0.8802406787872314,2.5040442809542984e-12,9.999999974752427e-07,120.0,0.8960481882095337,0.002771633444353938,0.021976782009005547,33.16071701049805,0.8776859641075134
liver_45,liver_45.nii.gz,8,6,1673362205,0.13292741775512695,0.0016208470333367586,0.0158113744109869,36.020606994628906,0.886917233467102,5.068054049345294e-12,9.999999974752427e-07,120.0,0.890360951423645,0.0018693326273933053,0.016980163753032684,35.401161193847656,0.8863893151283264
liver_45,liver_45.nii.gz,8,7,299021134,0.14434146881103516,0.0022851177491247654,0.019131654873490334,34.36494827270508,0.8848453760147095,1.1875896316695944e-12,9.999999974752427e-07,120.0,0.8992631435394287,0.002670595422387123,0.02068246528506279,33.68795394897461,0.8824132680892944
liver_45,liver_45.nii.gz,16,0,238132010,0.24457502365112305,0.001205364358611405,0.013778968714177608,37.215667724609375,0.8947254419326782,8.894734775111157e-12,1.0000001111620804e-06,120.0,0.9029291272163391,0.001595610985532403,0.01585334911942482,35.99757766723633,0.8920696973800659
liver_45,liver_45.nii.gz,16,1,2419614645,0.25723743438720703,0.0007585458224639297,0.009197340346872807,40.72675704956055,0.899548351764679,1.0323960436542379e-11,1.0000001111620804e-06,120.0,0.904287576675415,0.0010212494526058435,0.01067178975790739,39.43525695800781,0.8979071974754333
liver_45,liver_45.nii.gz,16,2,1264561385,0.25881242752075195,0.0012025769101455808,0.012198923155665398,38.2735710144043,0.8950748443603516,5.938206957406544e-12,1.0000001111620804e-06,120.0,0.9025578498840332,0.001622500130906701,0.014169595204293728,36.97285079956055,0.8924621343612671
liver_45,liver_45.nii.gz,16,3,1294325555,0.2546873092651367,0.0010593014303594828,0.011395545676350594,38.86529541015625,0.8965799808502197,8.213967700454461e-12,1.0000001111620804e-06,120.0,0.9031976461410522,0.0014212846290320158,0.013199755921959877,37.58868408203125,0.894318699836731
liver_45,liver_45.nii.gz,16,4,888928747,0.2510828971862793,0.000918536214157939,0.01019955426454544,39.82837677001953,0.8984228372573853,1.0386001086937213e-11,1.0000001111620804e-06,120.0,0.9042984843254089,0.0012264858232811093,0.011785943061113358,38.572715759277344,0.8964530229568481
liver_45,liver_45.nii.gz,16,5,2280570131,0.23334789276123047,0.001430838368833065,0.013969473540782928,37.09640121459961,0.8922131061553955,1.1615815947996211e-11,1.0000001111620804e-06,120.0,0.902767539024353,0.0018663463415578008,0.015954414382576942,35.9423828125,0.8890007734298706
liver_45,liver_45.nii.gz,16,6,3715801778,0.24260711669921875,0.0006868024356663227,0.00885526929050684,41.055965423583984,0.8999868035316467,1.6669559829707303e-11,1.0000002248489182e-06,120.0,0.9070796370506287,0.00090679811546579,0.010175157338380814,39.84917449951172,0.8977149724960327
liver_45,liver_45.nii.gz,16,7,1619586868,0.2488851547241211,0.00105683458968997,0.012044415809214115,38.38428497314453,0.8952093124389648,1.2207438185307673e-11,1.0000001111620804e-06,120.0,0.9033684730529785,0.001407021307386458,0.013897367753088474,37.14134979248047,0.8925058245658875
liver_45,liver_45.nii.gz,32,0,3953367323,0.43309497833251953,0.0005889777676202357,0.008445941843092442,41.467037200927734,0.9015887379646301,2.0977528741861207e-11,1.0000003385357559e-06,120.0,0.906215250492096,0.0010389353847131133,0.011217419058084488,39.002140045166016,0.8980546593666077
liver_45,liver_45.nii.gz,32,1,3975203175,0.4234123229980469,0.0003869424108415842,0.006055092439055443,44.35758590698242,0.9029221534729004,2.953611660805322e-11,1.0000004522225936e-06,120.0,0.9074962735176086,0.0006710903253406286,0.00797421857714653,41.96623992919922,0.8995634317398071
liver_45,liver_45.nii.gz,32,2,2057400271,0.4367637634277344,0.00049721694085747,0.006592100486159325,43.61952209472656,0.9026528000831604,2.4899226777619354e-11,1.0000003385357559e-06,120.0,0.9063235521316528,0.0008827856509014964,0.008783720433712006,41.126426696777344,0.8998064994812012
liver_45,liver_45.nii.gz,32,3,808975826,0.4457736015319824,0.00046004680916666985,0.0063773044385015965,43.907257080078125,0.9027038812637329,2.0896211844201318e-11,1.0000003385357559e-06,120.0,0.9061326384544373,0.0008300701738335192,0.008566305972635746,41.3441276550293,0.899946391582489
liver_45,liver_45.nii.gz,32,4,2100712018,0.42717933654785156,0.000408099964261055,0.005925030447542667,44.54618835449219,0.9033592939376831,2.5325625277461405e-11,1.0000004522225936e-06,120.0,0.9075192213058472,0.0007124393014237285,0.007828548550605774,42.126373291015625,0.900257408618927
liver_45,liver_45.nii.gz,32,5,3120183238,0.41881561279296875,0.0005009776214137673,0.0065517546609044075,43.672847747802734,0.9021923542022705,2.327803227952785e-11,1.0000003385357559e-06,120.0,0.9061567783355713,0.0008619942818768322,0.008594105020165443,41.31599044799805,0.8993356823921204
liver_45,liver_45.nii.gz,32,6,3407505702,0.437441349029541,0.0005306923994794488,0.0070298356004059315,43.06109619140625,0.9020408391952515,1.8915475089031908e-11,1.0000003385357559e-06,120.0,0.9061939716339111,0.0009433547966182232,0.00937262549996376,40.562774658203125,0.8988118171691895
liver_45,liver_45.nii.gz,32,7,2428765356,0.4353523254394531,0.00029108658782206476,0.004897886421531439,46.1998291015625,0.9042505621910095,2.8369161186869718e-11,1.0000004522225936e-06,120.0,0.9082987308502197,0.0005155189428478479,0.0065180836245417595,43.71760559082031,0.9011295437812805
liver_45,liver_45.nii.gz,64,0,2506645594,0.6596283912658691,0.0002025562134804204,0.0044317771680653095,47.068443298339844,0.904837965965271,7.015588804337725e-11,1.0000012480304576e-06,119.99999237060547,0.9073716998100281,0.0005951030179858208,0.007596285082399845,42.387977600097656,0.8999283313751221
liver_45,liver_45.nii.gz,64,1,1688827093,0.665250301361084,0.00011850766895804554,0.0032625433523207903,49.72887420654297,0.9055048227310181,8.149931424172863e-11,1.0000013617172954e-06,119.99999237060547,0.907755970954895,0.0003540185862220824,0.005638923030346632,44.976078033447266,0.9010312557220459
liver_45,liver_45.nii.gz,64,2,4240566948,0.661888599395752,0.0002582243178039789,0.0046052527613937855,46.734928131103516,0.9047694802284241,5.908972616763819e-11,1.0000010206567822e-06,119.99999237060547,0.9065549969673157,0.0007637253729626536,0.007919969968497753,42.02552795410156,0.9012750387191772
liver_45,liver_45.nii.gz,64,3,2233806864,0.6439189910888672,0.00021587329683825374,0.004175771027803421,47.58526611328125,0.9049925804138184,6.557426823761148e-11,1.00000113434362e-06,119.99999237060547,0.9071246385574341,0.0006062475731596351,0.006997811608016491,43.10075378417969,0.9011379480361938
liver_45,liver_45.nii.gz,64,4,623297705,0.660245418548584,0.00015064270701259375,0.0037182874511927366,48.5931396484375,0.9053102135658264,7.17653228510251e-11,1.0000012480304576e-06,119.99999237060547,0.9075732827186584,0.0004433866997715086,0.006379112601280212,43.9047966003418,0.900912880897522
liver_45,liver_45.nii.gz,64,5,548048008,0.6711735725402832,0.00011692523548845202,0.003167283721268177,49.986263275146484,0.9054930210113525,6.537870245182376e-11,1.00000113434362e-06,119.99999237060547,0.9075438976287842,0.0003555833245627582,0.0055233631283044815,45.15592575073242,0.9013075828552246
liver_45,liver_45.nii.gz,64,6,358454762,0.6621499061584473,0.0001478664780734107,0.003555690636858344,48.98151779174805,0.905274510383606,7.051212391750994e-11,1.0000012480304576e-06,119.99999237060547,0.9074376821517944,0.0004376687575131655,0.006117330398410559,44.268760681152344,0.901035487651825
liver_45,liver_45.nii.gz,64,7,1826368599,0.6553444862365723,0.00018092195386998355,0.003805831540375948,48.39100646972656,0.9051845073699951,6.120993295555266e-11,1.00000113434362e-06,119.99999237060547,0.9071835279464722,0.000524935545399785,0.0064827147871255875,43.764862060546875,0.9013840556144714
liver_45,liver_45.nii.gz,128,0,1355528491,0.8797831535339355,3.058345464523882e-05,0.0014918381348252296,56.52556610107422,0.9063423275947571,1.0096034425144396e-10,1.0000015890909708e-06,119.99999237060547,0.9069745540618896,0.00025440167519263923,0.004302679095417261,47.325218200683594,0.9017165303230286
liver_45,liver_45.nii.gz,128,1,425905965,0.8804187774658203,4.652646748581901e-05,0.0016841834876686335,55.47221374511719,0.9062431454658508,9.880318785349118e-11,1.0000015890909708e-06,119.99999237060547,0.906844973564148,0.00038907764246687293,0.004870323929935694,46.24884033203125,0.9018129706382751
liver_45,liver_45.nii.gz,128,2,1396807308,0.872535228729248,3.3795644412748516e-05,0.0015063827158883214,56.44129180908203,0.9062973856925964,9.487208935121672e-11,1.000001475404133e-06,119.99999237060547,0.907006025314331,0.0002651364775374532,0.004219297785311937,47.49519729614258,0.901447594165802
liver_45,liver_45.nii.gz,128,3,2089825949,0.8608059883117676,2.658834637259133e-05,0.0013254444347694516,57.552772521972656,0.906356155872345,1.055790246895505e-10,1.0000017027778085e-06,119.99998474121094,0.907196044921875,0.00019101578800473362,0.00355263939127326,48.988975524902344,0.9011631608009338
liver_45,liver_45.nii.gz,128,4,1014180408,0.8670845031738281,4.246580647304654e-05,0.0018272382440045476,54.76409912109375,0.9061403274536133,9.867693467890959e-11,1.0000015890909708e-06,119.99999237060547,0.9069105982780457,0.00031949413823895156,0.005011956673115492,45.99985122680664,0.9011168479919434
liver_45,liver_45.nii.gz,128,5,1699809509,0.8677096366882324,1.811422589526046e-05,0.0010813749395310879,59.320472717285156,0.906402587890625,1.1270984145994589e-10,1.0000018164646463e-06,119.99998474121094,0.9072427749633789,0.00013692703214474022,0.0029731171671301126,50.53575897216797,0.9008933305740356
liver_45,liver_45.nii.gz,128,6,1833093238,0.8751788139343262,5.758644692832604e-05,0.0020148095209151506,53.915321350097656,0.9061274528503418,8.765325965054416e-11,1.0000013617172954e-06,119.99999237060547,0.9067321419715881,0.0004613509227056056,0.005702821537852287,44.878204345703125,0.901889979839325
liver_45,liver_45.nii.gz,128,7,3382845701,0.8750605583190918,5.5484815675299615e-05,0.0020907865837216377,53.593807220458984,0.9061252474784851,1.0126902788565317e-10,1.0000015890909708e-06,119.99999237060547,0.9067749977111816,0.00044409296242520213,0.0059150694869458675,44.56080627441406,0.901576042175293
liver_91,liver_91.nii.gz,4,0,1313698814,0.07299613952636719,0.007000145502388477,0.039772115647792816,28.008424758911133,0.8503677248954773,1.1680772451713728e-12,9.999999974752427e-07,120.0,0.8736320734024048,0.007551365997642279,0.04130835458636284,27.679241180419922,0.8485358953475952
liver_91,liver_91.nii.gz,4,1,2263316894,0.07696008682250977,0.008476541377604008,0.046838052570819855,26.588022232055664,0.8460220694541931,1.846522717716126e-12,9.999999974752427e-07,120.0,0.8747867345809937,0.009183287620544434,0.04875156655907631,26.24022674560547,0.8436238765716553
liver_91,liver_91.nii.gz,4,2,3403764031,0.07281637191772461,0.006750978529453278,0.03963148966431618,28.03919219970703,0.8491176962852478,1.9516015864994019e-13,9.999999974752427e-07,120.0,0.8540706038475037,0.00728116650134325,0.04115830734372139,27.71084976196289,0.8487289547920227
liver_91,liver_91.nii.gz,4,3,1750578457,0.06370830535888672,0.00878802128136158,0.04835931211709976,26.31039810180664,0.8439107537269592,3.437931536676153e-11,1.0000004522225936e-06,120.0,0.8635802268981934,0.009385986253619194,0.04997749999165535,26.02450942993164,0.8425723910331726
liver_91,liver_91.nii.gz,4,4,2590125190,0.07244110107421875,0.007231896743178368,0.041124217212200165,27.718046188354492,0.8504682183265686,7.84684654493023e-13,9.999999974752427e-07,120.0,0.8738690614700317,0.007796698249876499,0.0426999032497406,27.391462326049805,0.8486406803131104
liver_91,liver_91.nii.gz,4,5,1795632582,0.07296419143676758,0.007436190731823444,0.04412871599197388,27.105575561523438,0.8507962226867676,3.700530767231092e-12,9.999999974752427e-07,120.0,0.8590956330299377,0.008021471090614796,0.045832447707653046,26.776540756225586,0.8501430153846741
liver_91,liver_91.nii.gz,4,6,2059179376,0.07250261306762695,0.006496055983006954,0.03780578449368477,28.448833465576172,0.8541358113288879,9.800235709761518e-13,9.999999974752427e-07,120.0,0.8652629852294922,0.007003853563219309,0.03925562649965286,28.121963500976562,0.8532660603523254
liver_91,liver_91.nii.gz,4,7,2670715383,0.06937694549560547,0.009345810860395432,0.051729779690504074,25.725189208984375,0.8435574173927307,1.2664588995570103e-11,1.0000001111620804e-06,120.0,0.8627869486808777,0.010042531415820122,0.053623322397470474,25.412925720214844,0.8421239256858826
liver_91,liver_91.nii.gz,8,0,1333985892,0.14048337936401367,0.006486769765615463,0.04277719929814339,27.37575340270996,0.8628546595573425,4.251234780872082e-11,1.000000679596269e-06,119.99999237060547,0.8920117020606995,0.007546997629106045,0.04614080861210823,26.718294143676758,0.8580892086029053
liver_91,liver_91.nii.gz,8,1,632529133,0.13991975784301758,0.004787481389939785,0.03356296941637993,29.482791900634766,0.8671424388885498,3.122195210703005e-11,1.0000004522225936e-06,120.0,0.8902038335800171,0.005566319450736046,0.03619019314646721,28.828182220458984,0.8633908629417419
liver_91,liver_91.nii.gz,8,2,4154429639,0.1385669708251953,0.005855542607605457,0.039127737283706665,28.150306701660156,0.8630493879318237,1.538337859874339e-11,1.0000002248489182e-06,120.0,0.890306293964386,0.006797443609684706,0.04215741530060768,27.502519607543945,0.8586651086807251
liver_91,liver_91.nii.gz,8,3,1036601993,0.14502429962158203,0.004404076375067234,0.030875030905008316,30.20785140991211,0.8693175315856934,1.9793873137774476e-11,1.0000002248489182e-06,120.0,0.880379855632782,0.0051511130295693874,0.033391084522008896,29.527389526367188,0.8674410581588745
liver_91,liver_91.nii.gz,8,4,2951025735,0.1300969123840332,0.005726516246795654,0.03933250904083252,28.104969024658203,0.8649717569351196,2.067252792559149e-11,1.0000003385357559e-06,120.0,0.8865391612052917,0.006582935806363821,0.04217122122645378,27.499675750732422,0.8617463111877441
liver_91,liver_91.nii.gz,8,5,1791316060,0.1388106346130371,0.0045698704198002815,0.031182462349534035,30.12179183959961,0.869377076625824,8.113285217270505e-12,1.0000001111620804e-06,120.0,0.892681896686554,0.0053064641542732716,0.03360168635845184,29.4727783203125,0.8656207323074341
liver_91,liver_91.nii.gz,8,6,3751531192,0.13800525665283203,0.006019006483256817,0.041401900351047516,27.659595489501953,0.8649556636810303,1.566481146186849e-11,1.0000002248489182e-06,120.0,0.8902007937431335,0.006982648745179176,0.04459312930703163,27.01464080810547,0.8609139919281006
liver_91,liver_91.nii.gz,8,7,1860771247,0.14075613021850586,0.004444809164851904,0.030870679765939713,30.209075927734375,0.8709838390350342,2.5051693358646432e-11,1.0000003385357559e-06,120.0,0.8918353915214539,0.005172931123524904,0.03330335393548012,29.55023956298828,0.8675681948661804
liver_91,liver_91.nii.gz,16,0,3519130596,0.253695011138916,0.0022028435487300158,0.019202517345547676,34.33283615112305,0.8911877870559692,7.243877025997492e-11,1.00000113434362e-06,119.99999237060547,0.9033527374267578,0.0029516667127609253,0.022227980196475983,33.0620002746582,0.8870526552200317
liver_91,liver_91.nii.gz,16,1,3634819912,0.2529478073120117,0.0031295872759073973,0.025311995297670364,31.9334716796875,0.8833061456680298,4.807511333471126e-11,1.0000007932831068e-06,119.99999237060547,0.9021207690238953,0.004189248662441969,0.029285382479429245,30.666982650756836,0.8769357204437256
liver_91,liver_91.nii.gz,16,2,1911335195,0.25176239013671875,0.0023589753545820713,0.01970050297677517,34.11045455932617,0.8899253606796265,5.6645708956803986e-11,1.0000009069699445e-06,119.99999237060547,0.9019091725349426,0.003152708988636732,0.0227749552577734,32.85084915161133,0.8858931660652161
liver_91,liver_91.nii.gz,16,3,3948393328,0.25539159774780273,0.0024355563800781965,0.021087609231472015,33.51945495605469,0.890125036239624,6.00474947543006e-11,1.0000009069699445e-06,119.99999237060547,0.9032285213470459,0.0032709224615246058,0.02443787083029747,32.238731384277344,0.8856307864189148
liver_91,liver_91.nii.gz,16,4,3837287769,0.2577371597290039,0.002857374493032694,0.024631071835756302,32.17033386230469,0.8874151110649109,6.230072013835297e-11,1.0000010206567822e-06,119.99999237060547,0.9029459953308105,0.003849545493721962,0.028589360415935516,30.875911712646484,0.8820224404335022
liver_91,liver_91.nii.gz,16,5,795847800,0.2522130012512207,0.0022590665612369776,0.019301313906908035,34.28826141357422,0.8906444311141968,6.895353038549601e-11,1.00000113434362e-06,119.99999237060547,0.9024617671966553,0.003021002747118473,0.02232019230723381,33.02604293823242,0.8866589665412903
liver_91,liver_91.nii.gz,16,6,3635869135,0.2520155906677246,0.002008911920711398,0.017299151048064232,35.239501953125,0.893275797367096,6.83987241845152e-11,1.0000010206567822e-06,119.99999237060547,0.9037039875984192,0.002685766899958253,0.02000223472714424,33.97842788696289,0.8897623419761658
liver_91,liver_91.nii.gz,16,7,1115594483,0.24843740463256836,0.0020184072200208902,0.016673006117343903,35.559722900390625,0.8929460048675537,6.709201944010701e-11,1.0000010206567822e-06,119.99999237060547,0.9039139747619629,0.002685614163056016,0.019232304766774178,34.319374084472656,0.8893206715583801
liver_91,liver_91.nii.gz,32,0,2808329472,0.4264183044433594,0.0010079459752887487,0.010575583204627037,39.513912200927734,0.9024648666381836,1.6627993426610033e-10,1.0000026122725103e-06,119.99998474121094,0.9100194573402405,0.0017572840442880988,0.01396389864385128,37.09986877441406,0.8968487977981567
liver_91,liver_91.nii.gz,32,1,1692166608,0.42852354049682617,0.001152894226834178,0.01196401845663786,38.44245910644531,0.9012570381164551,1.6588677653750494e-10,1.000002725959348e-06,119.99998474121094,0.909227728843689,0.002017395803704858,0.01582624576985836,36.01244354248047,0.8952804803848267
liver_91,liver_91.nii.gz,32,2,3923706090,0.4189753532409668,0.0009097961010411382,0.009493757970631123,40.451236724853516,0.9038124084472656,1.5915019302426003e-10,1.0000024985856726e-06,119.99998474121094,0.9104495048522949,0.0015658475458621979,0.012454918585717678,38.09318161010742,0.8990267515182495
liver_91,liver_91.nii.gz,32,3,316384670,0.4405555725097656,0.0009469150099903345,0.00976286269724369,40.20845413208008,0.9031922817230225,1.5638465522549438e-10,1.0000024985856726e-06,119.99998474121094,0.9105206727981567,0.0016925986856222153,0.013052650727331638,37.68602752685547,0.8974215388298035
liver_91,liver_91.nii.gz,32,4,3377278578,0.434110164642334,0.001027147052809596,0.010271046310663223,39.76770782470703,0.9028559923171997,1.4835084549691402e-10,1.0000023848988349e-06,119.99998474121094,0.9096143841743469,0.0018151005497202277,0.013653649017214775,37.29502487182617,0.8976717591285706
liver_91,liver_91.nii.gz,32,5,2970665893,0.42279481887817383,0.0009925501653924584,0.010315368883311749,39.73030471801758,0.9028465747833252,1.5547958753803215e-10,1.0000024985856726e-06,119.99998474121094,0.9099246859550476,0.0017195792170241475,0.013577494770288467,37.343605041503906,0.8976622819900513
liver_91,liver_91.nii.gz,32,6,1551138387,0.43153810501098633,0.0008074401412159204,0.008945304900407791,40.96809768676758,0.9046566486358643,1.7527128359784427e-10,1.0000028396461857e-06,119.99996948242188,0.9116189479827881,0.0014203942846506834,0.011864365078508854,38.51511001586914,0.8993716239929199
liver_91,liver_91.nii.gz,32,7,3165240794,0.43365478515625,0.0008921516127884388,0.009743503294885159,40.2256965637207,0.9039779305458069,1.4887743815528154e-10,1.0000023848988349e-06,119.99998474121094,0.9105353355407715,0.0015752787003293633,0.012947160750627518,37.756507873535156,0.8989570736885071
liver_91,liver_91.nii.gz,64,0,2380442557,0.6529674530029297,0.00037817598786205053,0.005954944062978029,44.502445220947266,0.908278226852417,3.4520294955875386e-10,1.0000065913118306e-06,119.99993896484375,0.912121057510376,0.001089741475880146,0.010108636692166328,39.906150817871094,0.9010482430458069
liver_91,liver_91.nii.gz,64,1,1302618848,0.6491732597351074,0.0002887316222768277,0.004915717523545027,46.16825866699219,0.9091808795928955,3.8345360220404245e-10,1.0000071597460192e-06,119.99993133544922,0.9129384756088257,0.0008230027742683887,0.008299282751977444,41.61919021606445,0.902228057384491
liver_91,liver_91.nii.gz,64,2,4160950321,0.6600885391235352,0.00024517945712432265,0.00440791342407465,47.11534118652344,0.9093829393386841,3.679570537151733e-10,1.0000067049986683e-06,119.99993896484375,0.9131565690040588,0.0007213032222352922,0.007560493424534798,42.42900085449219,0.9020552039146423
liver_91,liver_91.nii.gz,64,3,2328626454,0.664492130279541,0.0002920470433309674,0.004842684138566256,46.298274993896484,0.9090355634689331,3.4746222565829044e-10,1.0000063639381551e-06,119.99993896484375,0.9126447439193726,0.000870461983140558,0.008360548876225948,41.55530548095703,0.9018875360488892
liver_91,liver_91.nii.gz,64,4,2892795391,0.6562409400939941,0.0002953234361484647,0.004823570605367422,46.33262634277344,0.9090629816055298,3.505495893563193e-10,1.0000065913118306e-06,119.99993896484375,0.9126100540161133,0.0008590993820689619,0.008227000944316387,41.69517135620117,0.9022921323776245
liver_91,liver_91.nii.gz,64,5,1217149521,0.6448750495910645,0.00041587810846976936,0.006304696202278137,44.0067138671875,0.9079716205596924,3.699920925193112e-10,1.0000070460591814e-06,119.99993896484375,0.9119318127632141,0.0011710748076438904,0.01057970616966486,39.510528564453125,0.9007806777954102
liver_91,liver_91.nii.gz,64,6,191990938,0.6630382537841797,0.0002508051984477788,0.004698587581515312,46.56065368652344,0.9093974828720093,3.8582301242762185e-10,1.0000071597460192e-06,119.99993133544922,0.91315096616745,0.0007443127688020468,0.00809425674378872,41.836463928222656,0.9020121693611145
liver_91,liver_91.nii.gz,64,7,2487073073,0.6476640701293945,0.0003082099719904363,0.005268251057714224,45.56666946411133,0.9089178442955017,3.899155165409951e-10,1.0000073871196946e-06,119.99993133544922,0.9128908514976501,0.000874760968144983,0.008875400759279728,41.03623962402344,0.9016148447990417
liver_91,liver_91.nii.gz,128,0,574559783,0.87701416015625,9.247422713087872e-05,0.0032248315401375294,49.82986068725586,0.9104089736938477,5.044130113596168e-10,1.0000085239880718e-06,119.99992370605469,0.9116576910018921,0.0007519060163758695,0.009195586666464806,40.72841262817383,0.9015048146247864
liver_91,liver_91.nii.gz,128,1,3681786714,0.8774499893188477,7.78522007749416e-05,0.0027284682728350163,51.28162384033203,0.9104915857315063,4.995086566594864e-10,1.0000085239880718e-06,119.99992370605469,0.9117477536201477,0.0006352651980705559,0.007794032339006662,42.164756774902344,0.9014992713928223
liver_91,liver_91.nii.gz,128,2,533689701,0.8719158172607422,5.534503361559473e-05,0.0022590423468500376,52.92151641845703,0.9106396436691284,5.060858399019708e-10,1.0000085239880718e-06,119.99992370605469,0.9120184779167175,0.00043209546129219234,0.006312139332294464,43.99646759033203,0.9012538194656372
liver_91,liver_91.nii.gz,128,3,111988999,0.8756556510925293,4.2751606088131666e-05,0.0017601345898583531,55.089080810546875,0.9107791781425476,5.22758836218884e-10,1.000008865048585e-06,119.99992370605469,0.9120839834213257,0.00034381254226900637,0.00499151973053813,46.035343170166016,0.901591420173645
liver_91,liver_91.nii.gz,128,4,2404531182,0.8748507499694824,4.418928438099101e-05,0.0017898613587021828,54.9436149597168,0.9107873439788818,5.132043123801111e-10,1.0000087513617473e-06,119.99992370605469,0.9120951890945435,0.0003530890680849552,0.005059472285211086,45.91789627075195,0.901645839214325
liver_91,liver_91.nii.gz,128,5,3626059289,0.8605084419250488,6.971962284296751e-05,0.0023793845903128386,52.470706939697266,0.910612940788269,5.105285083573108e-10,1.0000087513617473e-06,119.99992370605469,0.9120696187019348,0.0004998093354515731,0.006370751187205315,43.91618728637695,0.901627779006958
liver_91,liver_91.nii.gz,128,6,4034076007,0.8705344200134277,4.870534758083522e-05,0.0019580137450248003,54.1636848449707,0.9107109904289246,5.21983511969637e-10,1.0000089787354227e-06,119.99992370605469,0.9120973944664001,0.0003761995176319033,0.005441749468445778,45.28522872924805,0.9013895988464355
liver_91,liver_91.nii.gz,128,7,3995875444,0.8669013977050781,4.8243113269563764e-05,0.0021549733355641365,53.33116149902344,0.9107265472412109,5.335286656915628e-10,1.0000092061090982e-06,119.99992370605469,0.9121884703636169,0.0003624579985626042,0.005906838923692703,44.572898864746094,0.9012062549591064
liver_84,liver_84.nii.gz,4,0,1006761919,0.07117509841918945,0.011779368855059147,0.05318127200007439,25.484827041625977,0.8187949657440186,3.4940585581094696e-12,9.999999974752427e-07,120.0,0.8511765599250793,0.012682012282311916,0.05518128722906113,25.16416358947754,0.816313624382019
liver_84,liver_84.nii.gz,4,1,1183163426,0.0728459358215332,0.012401754036545753,0.05694800615310669,24.890430450439453,0.8133700489997864,1.170485691877332e-12,9.999999974752427e-07,120.0,0.8524552583694458,0.013376152142882347,0.05914289504289627,24.561948776245117,0.8102992177009583
liver_84,liver_84.nii.gz,4,2,291560032,0.07421255111694336,0.010251717641949654,0.04798867926001549,26.377222061157227,0.8230384588241577,1.436164230074477e-12,9.999999974752427e-07,120.0,0.8579932451248169,0.011073511093854904,0.04987502843141556,26.04233741760254,0.8202364444732666
liver_84,liver_84.nii.gz,4,3,509124201,0.06937456130981445,0.010453111492097378,0.04848835617303848,26.287250518798828,0.8184290528297424,1.2290546184956508e-12,9.999999974752427e-07,120.0,0.84675133228302,0.011232350952923298,0.0502631850540638,25.975000381469727,0.8163176774978638
liver_84,liver_84.nii.gz,4,4,129699585,0.07126426696777344,0.010565712116658688,0.0487225241959095,26.245403289794922,0.8195160627365112,9.970533079717292e-12,1.0000001111620804e-06,120.0,0.8579207062721252,0.01137644611299038,0.05055727809667587,25.92432403564453,0.8165692687034607
liver_84,liver_84.nii.gz,4,5,3729187640,0.06645345687866211,0.010714725591242313,0.04834240302443504,26.31343650817871,0.816847562789917,2.619622400945598e-12,9.999999974752427e-07,120.0,0.8503053188323975,0.011477441526949406,0.05003342404961586,26.014795303344727,0.8144658803939819
liver_84,liver_84.nii.gz,4,6,1910106699,0.07320880889892578,0.010616263374686241,0.04815758019685745,26.34670639038086,0.8181208372116089,1.6499690069088357e-12,9.999999974752427e-07,120.0,0.869729220867157,0.011454859748482704,0.050023455172777176,26.016525268554688,0.8140442371368408
liver_84,liver_84.nii.gz,4,7,461588677,0.07170581817626953,0.014025899581611156,0.06268881261348724,24.056198120117188,0.8130601644515991,2.675466835924678e-12,9.999999974752427e-07,120.0,0.8568731546401978,0.015109325759112835,0.06506497412919998,23.733055114746094,0.809675931930542
liver_84,liver_84.nii.gz,8,0,2501887512,0.13209247589111328,0.007744195871055126,0.04045422002673149,27.860721588134766,0.8426744937896729,1.4765714692610565e-11,1.0000002248489182e-06,120.0,0.8765468597412109,0.008922834880650043,0.04342372715473175,27.245460510253906,0.8375192880630493
liver_84,liver_84.nii.gz,8,1,2041730604,0.13983774185180664,0.006022608373314142,0.03176144137978554,29.96199607849121,0.85197913646698,1.7218896447568355e-11,1.0000002248489182e-06,120.0,0.8773629665374756,0.0070017119869589806,0.034246012568473816,29.30780029296875,0.8478525280952454
liver_84,liver_84.nii.gz,8,2,2619342250,0.14148378372192383,0.006099020596593618,0.03228112682700157,29.821025848388672,0.8514189720153809,1.6472418915003395e-11,1.0000002248489182e-06,120.0,0.8744609951972961,0.007104141172021627,0.034839700907468796,29.158512115478516,0.8476216793060303
liver_84,liver_84.nii.gz,8,3,590527102,0.13837385177612305,0.008665937930345535,0.04527546465396881,26.882741928100586,0.8402632474899292,1.3614034378994777e-11,1.0000002248489182e-06,120.0,0.8766195178031921,0.010057654231786728,0.048775698989629745,26.235931396484375,0.834424614906311
liver_84,liver_84.nii.gz,8,4,1793852431,0.13503646850585938,0.007544237654656172,0.039156828075647354,28.143848419189453,0.8430675268173218,1.504973576316182e-11,1.0000002248489182e-06,120.0,0.8756617307662964,0.008722029626369476,0.042102567851543427,27.51382827758789,0.8379790782928467
liver_84,liver_84.nii.gz,8,5,4230626783,0.13054895401000977,0.006170086096972227,0.03274688497185707,29.69659996032715,0.8519875407218933,2.4192935849098873e-11,1.0000003385357559e-06,120.0,0.8744099736213684,0.007096530869603157,0.03511942923069,29.08905029296875,0.8486208319664001
liver_84,liver_84.nii.gz,8,6,3710296221,0.1364588737487793,0.006710692308843136,0.03487496078014374,29.14972496032715,0.8484026193618774,1.4491760222390404e-11,1.0000002248489182e-06,120.0,0.8802765607833862,0.007771132048219442,0.03752944990992546,28.512556076049805,0.8433659076690674
liver_84,liver_84.nii.gz,8,7,146444757,0.14229440689086914,0.007425740826874971,0.03865952417254448,28.25486946105957,0.8451235890388489,1.2285884982976558e-11,1.0000001111620804e-06,120.0,0.880948543548584,0.00865767989307642,0.041743360459804535,27.588253021240234,0.8391802310943604
liver_84,liver_84.nii.gz,16,0,1529104045,0.25261354446411133,0.0038041523657739162,0.02313937060534954,32.71297073364258,0.8782633543014526,4.5169996215621566e-11,1.000000679596269e-06,119.99999237060547,0.8952662348747253,0.005089940037578344,0.026765719056129456,31.448421478271484,0.8725166916847229
liver_84,liver_84.nii.gz,16,1,4268578202,0.2507147789001465,0.0038431561551988125,0.023084642365574837,32.73353958129883,0.8773295879364014,6.609633673715365e-11,1.0000010206567822e-06,119.99999237060547,0.8954828381538391,0.00512909609824419,0.02666855975985527,31.480009078979492,0.8712554574012756
liver_84,liver_84.nii.gz,16,2,8662328,0.25865650177001953,0.003942685201764107,0.023340657353401184,32.63774108886719,0.8757473230361938,4.990536803251011e-11,1.0000007932831068e-06,119.99999237060547,0.8944467902183533,0.005318297538906336,0.027108365669846535,31.337932586669922,0.8692231178283691
liver_84,liver_84.nii.gz,16,3,714388216,0.26291370391845703,0.004534550942480564,0.026660308241844177,31.482696533203125,0.8702834844589233,5.08820069411442e-11,1.0000007932831068e-06,119.99999237060547,0.8950314521789551,0.006151994690299034,0.031053174287080765,30.157880783081055,0.8614562153816223
liver_84,liver_84.nii.gz,16,4,2462275681,0.25757694244384766,0.00393039220944047,0.0233193077147007,32.645687103271484,0.876543402671814,6.172294619855023e-11,1.0000009069699445e-06,119.99999237060547,0.8941647410392761,0.005294006317853928,0.027063870802521706,31.35219955444336,0.8704299926757812
liver_84,liver_84.nii.gz,16,5,3666673163,0.25678539276123047,0.003793953452259302,0.022746428847312927,32.86173629760742,0.8776301145553589,6.059544532810435e-11,1.0000009069699445e-06,119.99999237060547,0.8955289125442505,0.005104788579046726,0.02638494037091732,31.572877883911133,0.8714461922645569
liver_84,liver_84.nii.gz,16,6,1883675340,0.2554659843444824,0.004279253538697958,0.025375358760356903,31.91175651550293,0.8729287981987,6.245672728999452e-11,1.0000009069699445e-06,119.99999237060547,0.8961910009384155,0.005747559480369091,0.029408300295472145,30.630599975585938,0.8649472594261169
liver_84,liver_84.nii.gz,16,7,3873969070,0.253201961517334,0.0042780423536896706,0.02529430389404297,31.939544677734375,0.8739427328109741,5.403438113615877e-11,1.0000007932831068e-06,119.99999237060547,0.8956258296966553,0.00572851300239563,0.02926989272236824,30.67157745361328,0.8665910959243774
liver_84,liver_84.nii.gz,32,0,1398970680,0.43072032928466797,0.002012785756960511,0.014778295531868935,36.607513427734375,0.8977072834968567,1.3823193978357295e-10,1.0000021575251594e-06,119.99998474121094,0.9085755944252014,0.0035356711596250534,0.019586710259318352,34.160770416259766,0.8894844651222229
liver_84,liver_84.nii.gz,32,1,1266677471,0.4279813766479492,0.0020093717612326145,0.015285614877939224,36.3143424987793,0.8977935910224915,1.3901213513634048e-10,1.0000021575251594e-06,119.99998474121094,0.9089459180831909,0.0035127734299749136,0.02021053619682789,33.88844299316406,0.8894495964050293
liver_84,liver_84.nii.gz,32,2,3587193663,0.423978328704834,0.0020466099958866835,0.014998880214989185,36.47882080078125,0.8975694179534912,1.409972832933093e-10,1.0000021575251594e-06,119.99998474121094,0.9082640409469604,0.003553008660674095,0.01976238749921322,34.08320999145508,0.8896979689598083
liver_84,liver_84.nii.gz,32,3,3960481455,0.4228224754333496,0.0022018160670995712,0.015965966507792473,35.93609619140625,0.8959782123565674,1.4506781886858278e-10,1.0000022712119971e-06,119.99998474121094,0.9073798060417175,0.003814798779785633,0.021015537902712822,33.549190521240234,0.8876259922981262
liver_84,liver_84.nii.gz,32,4,2901446197,0.42620229721069336,0.0020895246416330338,0.01563468761742115,36.11821746826172,0.8964710831642151,1.5259493668651203e-10,1.0000023848988349e-06,119.99998474121094,0.9086835980415344,0.003641570219770074,0.02064000628888607,33.70580291748047,0.8874001502990723
liver_84,liver_84.nii.gz,32,5,2752478101,0.43596410751342773,0.0020332024432718754,0.015367836691439152,36.26774597167969,0.8974906802177429,1.4010551052656695e-10,1.0000021575251594e-06,119.99998474121094,0.9085202813148499,0.003604738973081112,0.020462531596422195,33.78081512451172,0.8889656066894531
liver_84,liver_84.nii.gz,32,6,3063903298,0.43145036697387695,0.0019309332128614187,0.014661010354757309,36.676719665527344,0.8989163637161255,1.591760750985216e-10,1.0000023848988349e-06,119.99998474121094,0.908970832824707,0.0033962437883019447,0.019443735480308533,34.224403381347656,0.8912867307662964
liver_84,liver_84.nii.gz,32,7,83087602,0.4337749481201172,0.0019473365973681211,0.014212621375918388,36.94651794433594,0.8982911705970764,1.3981102386928512e-10,1.0000021575251594e-06,119.99998474121094,0.9083409309387207,0.003439156571403146,0.018887724727392197,34.47640609741211,0.8905925154685974
liver_84,liver_84.nii.gz,64,0,3115347751,0.6576743125915527,0.0006664789980277419,0.008053340017795563,41.88047790527344,0.9105536341667175,3.3039096458686856e-10,1.000005568130291e-06,119.99995422363281,0.9159083962440491,0.001946914242580533,0.013764367438852787,37.224876403808594,0.9002664089202881
liver_84,liver_84.nii.gz,64,1,877451778,0.6554965972900391,0.0006320526590570807,0.007406332995742559,42.60793685913086,0.9111969470977783,3.2780841929813676e-10,1.0000056818171288e-06,119.99995422363281,0.9161991477012634,0.0018346768338233232,0.01261846348643303,37.9798698425293,0.9016796350479126
liver_84,liver_84.nii.gz,64,2,611572986,0.652134895324707,0.0006696495693176985,0.007810585200786591,42.146331787109375,0.9107252955436707,3.5169547829561054e-10,1.000006022877642e-06,119.99995422363281,0.9158335328102112,0.0019250260666012764,0.013242749497294426,37.5604362487793,0.901149332523346
liver_84,liver_84.nii.gz,64,3,4242860245,0.6611423492431641,0.0006975366268306971,0.008077708072960377,41.85424041748047,0.9105520248413086,3.231998280117665e-10,1.000005568130291e-06,119.99995422363281,0.9154620170593262,0.0020584939047694206,0.013876485638320446,37.15441131591797,0.9009724259376526
liver_84,liver_84.nii.gz,64,4,1004928694,0.6645770072937012,0.0007176766521297395,0.008249822072684765,41.67110824584961,0.9100193977355957,3.356710187585321e-10,1.0000057955039665e-06,119.99995422363281,0.9155859351158142,0.0021396162919700146,0.014244532212615013,36.92703628540039,0.8989906311035156
liver_84,liver_84.nii.gz,64,5,2030375396,0.6571784019470215,0.0006808835314586759,0.00782473012804985,42.130615234375,0.9104708433151245,3.319097496845558e-10,1.0000056818171288e-06,119.99995422363281,0.9157041907310486,0.0019861157052218914,0.013363963924348354,37.481292724609375,0.9004388451576233
liver_84,liver_84.nii.gz,64,6,3265675229,0.6701245307922363,0.00070282252272591,0.008389083668589592,41.52570724487305,0.9102657437324524,3.2233063440578746e-10,1.000005568130291e-06,119.99995422363281,0.9157536625862122,0.0021305682603269815,0.014606277458369732,36.70920944213867,0.8991178274154663
liver_84,liver_84.nii.gz,64,7,3747837420,0.6520109176635742,0.0006894494872540236,0.00814490020275116,41.782283782958984,0.91032475233078,3.577722285097451e-10,1.0000061365644797e-06,119.99993896484375,0.9160001873970032,0.0019812381360679865,0.013807115145027637,37.197940826416016,0.8996917605400085
liver_84,liver_84.nii.gz,128,0,1288308504,0.8737359046936035,0.00016222397971432656,0.0038671328220516443,48.252220153808594,0.914623498916626,4.99328300929136e-10,1.0000079555538832e-06,119.99993133544922,0.9163910746574402,0.001284795580431819,0.010883012786507607,39.265018463134766,0.9023931622505188
liver_84,liver_84.nii.gz,128,1,120250249,0.8744711875915527,0.00017081029363907874,0.004239130299538374,47.4544677734375,0.9145691990852356,5.175220252340296e-10,1.0000081829275587e-06,119.99993133544922,0.9163736701011658,0.0013607221189886332,0.011964788660407066,38.441898345947266,0.9019989371299744
liver_84,liver_84.nii.gz,128,2,2863162753,0.8777599334716797,0.0001448983239242807,0.003842276055365801,48.3082275390625,0.9147356748580933,5.191826413231126e-10,1.0000081829275587e-06,119.99993133544922,0.9165241122245789,0.0011853548930957913,0.0109895970672369,39.18036651611328,0.9018943309783936
liver_84,liver_84.nii.gz,128,3,3951936220,0.8843164443969727,0.0001637727109482512,0.0040848213247954845,47.77653503417969,0.9145848751068115,5.13694198289727e-10,1.0000081829275587e-06,119.99993133544922,0.9162417650222778,0.0014156916877254844,0.012009839527308941,38.40925598144531,0.9019187688827515
liver_84,liver_84.nii.gz,128,4,119773821,0.878608226776123,0.00017146432946901768,0.004138195421546698,47.663780212402344,0.9145334362983704,4.997826041908127e-10,1.000008069240721e-06,119.99993133544922,0.9162920713424683,0.0014124836307018995,0.011877262033522129,38.505672454833984,0.9018059372901917
liver_84,liver_84.nii.gz,128,5,2479456907,0.8785691261291504,0.0001637250097701326,0.004114001523703337,47.7147102355957,0.9146499633789062,5.056698393346437e-10,1.000008069240721e-06,119.99993133544922,0.9163272380828857,0.0013482942013069987,0.011805920861661434,38.55800247192383,0.902515172958374
liver_84,liver_84.nii.gz,128,6,222893935,0.8603568077087402,0.00012781060650013387,0.0035263532772660255,49.05348205566406,0.9148632287979126,5.20328669040282e-10,1.0000082966143964e-06,119.99992370605469,0.9169885516166687,0.000915262324269861,0.009436608292162418,40.503684997558594,0.9017700552940369
liver_84,liver_84.nii.gz,128,7,1087561465,0.878150463104248,0.00015750811144243926,0.003835209645330906,48.32421875,0.9146870970726013,5.008590764354892e-10,1.000008069240721e-06,119.99993133544922,0.9163317084312439,0.0012926406925544143,0.010986950248479843,39.182456970214844,0.9028354287147522
liver_18,liver_18.nii.gz,4,0,3420250342,0.06022500991821289,0.011706000193953514,0.05703641101717949,24.876956939697266,0.8231887817382812,4.365309502762926e-11,1.000000679596269e-06,119.99999237060547,0.8300409317016602,0.012456173077225685,0.05883561074733734,24.607196807861328,0.822749674320221
liver_18,liver_18.nii.gz,4,1,750881050,0.07187271118164062,0.008591112680733204,0.04447771981358528,27.037151336669922,0.8422746658325195,1.3840577989254754e-12,9.999999974752427e-07,120.0,0.8710673451423645,0.0092563945800066,0.046167753636837006,26.713226318359375,0.8400450944900513
liver_18,liver_18.nii.gz,4,2,2685819230,0.07334089279174805,0.007436750456690788,0.04120328277349472,27.70136260986328,0.8444905281066895,3.875288111243602e-12,9.999999974752427e-07,120.0,0.8720456957817078,0.00802533607929945,0.04280276224017143,27.37056541442871,0.8423097133636475
liver_18,liver_18.nii.gz,4,3,3313102272,0.0654916763305664,0.008996410295367241,0.04625484719872475,26.696853637695312,0.8407038450241089,1.5189103230381362e-12,9.999999974752427e-07,120.0,0.8689454197883606,0.00962689146399498,0.047848206013441086,26.402685165405273,0.8387247323989868
liver_18,liver_18.nii.gz,4,4,2099287814,0.07104349136352539,0.007704908028244972,0.04204443469643593,27.525829315185547,0.8444611430168152,4.000607137233381e-12,9.999999974752427e-07,120.0,0.8605945706367493,0.008294153958559036,0.04362252727150917,27.20578384399414,0.8432273864746094
liver_18,liver_18.nii.gz,4,5,3254635623,0.07395124435424805,0.007856842130422592,0.042594727128744125,27.412883758544922,0.8388901352882385,8.983722619981815e-12,1.0000001111620804e-06,120.0,0.8618735074996948,0.00848426390439272,0.04426280036568642,27.079221725463867,0.8370547294616699
liver_18,liver_18.nii.gz,4,6,2132197160,0.07417917251586914,0.00842265598475933,0.04597824439406395,26.748952865600586,0.8469902873039246,3.2567702874797266e-12,9.999999974752427e-07,120.0,0.8649499416351318,0.009097500704228878,0.0477847084403038,26.414220809936523,0.8455514907836914
liver_18,liver_18.nii.gz,4,7,1367704719,0.07230281829833984,0.007088949903845787,0.03851191699504852,28.288097381591797,0.8449952006340027,1.624578423176093e-11,1.0000002248489182e-06,120.0,0.8570250272750854,0.007641448173671961,0.039984531700611115,27.962160110473633,0.8440576791763306
liver_18,liver_18.nii.gz,8,0,2779064486,0.13332509994506836,0.00479535385966301,0.03151427581906319,30.02985382080078,0.867393434047699,2.9444932603261975e-11,1.0000004522225936e-06,120.0,0.8897832632064819,0.005533047951757908,0.03385160118341446,29.408416748046875,0.863949179649353
liver_18,liver_18.nii.gz,8,1,4287350361,0.13619613647460938,0.005180754233151674,0.03290960192680359,29.653547286987305,0.8618037104606628,2.366586614177546e-11,1.0000003385357559e-06,120.0,0.890343189239502,0.005997604690492153,0.035409115254879,29.017698287963867,0.8573039174079895
liver_18,liver_18.nii.gz,8,2,3991976385,0.13757658004760742,0.005108750890940428,0.032985713332891464,29.633481979370117,0.8636260628700256,2.457270845135362e-11,1.0000003385357559e-06,120.0,0.8901606202125549,0.00592371542006731,0.035519398748874664,28.99068832397461,0.8593934178352356
liver_18,liver_18.nii.gz,8,3,243273520,0.1454625129699707,0.0049516367726027966,0.0316956490278244,29.980009078979492,0.866032063961029,1.677288516410691e-11,1.0000002248489182e-06,120.0,0.8914992809295654,0.0057945228181779385,0.03428736329078674,29.297317504882812,0.8616970181465149
liver_18,liver_18.nii.gz,8,4,2224151422,0.14197874069213867,0.004902221262454987,0.031122952699661255,30.138381958007812,0.8651683330535889,1.963864140752669e-11,1.0000002248489182e-06,120.0,0.8921445608139038,0.005713403224945068,0.03359942138195038,29.473363876342773,0.8607046008110046
liver_18,liver_18.nii.gz,8,5,1135733760,0.13077354431152344,0.004739883355796337,0.03045755997300148,30.32609748840332,0.8664652109146118,3.896414788040481e-11,1.0000005659094313e-06,119.99999237060547,0.8873298764228821,0.005452990066260099,0.03266846016049385,29.717426300048828,0.8633262515068054
liver_18,liver_18.nii.gz,8,6,3572231468,0.13331890106201172,0.004857214167714119,0.032208506017923355,29.840587615966797,0.8681865930557251,2.1478478717806837e-11,1.0000003385357559e-06,120.0,0.8921751976013184,0.00560438446700573,0.03459719568490982,29.219181060791016,0.8644967079162598
liver_18,liver_18.nii.gz,8,7,2580942309,0.13648319244384766,0.004545455798506737,0.030022554099559784,30.451047897338867,0.8683997392654419,1.896925498623414e-11,1.0000002248489182e-06,120.0,0.8885151147842407,0.00526388781145215,0.03230816125869751,29.81375503540039,0.8652204871177673
liver_18,liver_18.nii.gz,16,0,1126436572,0.2508964538574219,0.002491277176886797,0.01892325095832348,34.4600830078125,0.8887925148010254,6.794794588094177e-11,1.0000010206567822e-06,119.99999237060547,0.9039490222930908,0.0033256779424846172,0.02186376042664051,33.20550537109375,0.8837161660194397
liver_18,liver_18.nii.gz,16,1,1666824491,0.24795198440551758,0.0025745234452188015,0.02018129825592041,33.90102005004883,0.8880528807640076,7.965492848649447e-11,1.00000113434362e-06,119.99999237060547,0.9026169776916504,0.0034233499318361282,0.023271603509783745,32.663475036621094,0.8832511305809021
liver_18,liver_18.nii.gz,16,2,1210635453,0.24741268157958984,0.0022734911181032658,0.01690719462931156,35.438568115234375,0.8910058736801147,5.3564534752137405e-11,1.0000007932831068e-06,119.99999237060547,0.903775691986084,0.0030209000688046217,0.019489159807562828,34.20413589477539,0.8868079781532288
liver_18,liver_18.nii.gz,16,3,2341678422,0.24556970596313477,0.0023249334190040827,0.018847377970814705,34.49497985839844,0.8907056450843811,6.56165816126375e-11,1.0000010206567822e-06,119.99999237060547,0.9041334390640259,0.0030817072838544846,0.021699083968997,33.27117156982422,0.886335015296936
liver_18,liver_18.nii.gz,16,4,3232259303,0.24830341339111328,0.0028996700420975685,0.02229924686253071,33.03419494628906,0.8862797021865845,7.477492930396679e-11,1.00000113434362e-06,119.99999237060547,0.9038384556770325,0.0038575006183236837,0.02571987919509411,31.79462242126465,0.8804798722267151
liver_18,liver_18.nii.gz,16,5,2434462054,0.24702119827270508,0.002187395701184869,0.016576150432229042,35.610328674316406,0.8914816379547119,6.963832288597871e-11,1.0000010206567822e-06,119.99999237060547,0.9041797518730164,0.002904989756643772,0.019102592021226883,34.37815475463867,0.887316107749939
liver_18,liver_18.nii.gz,16,6,3627315187,0.25910234451293945,0.0023989612236618996,0.01917567476630211,34.34498596191406,0.8896505236625671,6.558462106731611e-11,1.0000010206567822e-06,119.99999237060547,0.9040824770927429,0.00323791173286736,0.02227776125073433,33.04256820678711,0.8846036791801453
liver_18,liver_18.nii.gz,16,7,718390018,0.24099159240722656,0.0022640181705355644,0.01843247190117836,34.68832778930664,0.8915395736694336,8.725874189874361e-11,1.0000012480304576e-06,119.99999237060547,0.9035621285438538,0.0029828629922121763,0.02115730196237564,33.49079513549805,0.8877224922180176
liver_18,liver_18.nii.gz,32,0,2635270668,0.43213510513305664,0.0011250954121351242,0.01079336553812027,39.33686065673828,0.9029486775398254,1.7182504030710533e-10,1.000002725959348e-06,119.99998474121094,0.9115777015686035,0.001981272827833891,0.01432301290333271,36.87931442260742,0.8963825702667236
liver_18,liver_18.nii.gz,32,1,2285070267,0.42168426513671875,0.001141965389251709,0.01049238070845604,39.58251953125,0.9029295444488525,1.829024431909687e-10,1.0000028396461857e-06,119.99996948242188,0.9115367531776428,0.001974639715626836,0.013797217980027199,37.20417022705078,0.8966537117958069
liver_18,liver_18.nii.gz,32,2,2568602400,0.4298849105834961,0.0011143659939989448,0.010349631309509277,39.70150375366211,0.9029430150985718,1.6478325648439096e-10,1.0000024985856726e-06,119.99998474121094,0.9110828042030334,0.0019546335097402334,0.013707037083804607,37.26112747192383,0.8968056440353394
liver_18,liver_18.nii.gz,32,3,3605640467,0.4340343475341797,0.0009071480599232018,0.0091761639341712,40.74677276611328,0.9054243564605713,1.9218859836911406e-10,1.0000030670198612e-06,119.99996948242188,0.9132949709892273,0.001602831995114684,0.01219736784696579,38.27467727661133,0.8993887305259705
liver_18,liver_18.nii.gz,32,4,3204903669,0.4309539794921875,0.001008165767416358,0.00961961317807436,40.33684539794922,0.9042623043060303,1.7628798421043257e-10,1.000002725959348e-06,119.99996948242188,0.912392795085907,0.001771677052602172,0.012752164155244827,37.88832092285156,0.898105263710022
liver_18,liver_18.nii.gz,32,5,949811781,0.43445396423339844,0.001593300374224782,0.014401977881789207,36.83155822753906,0.8972730040550232,1.624520656884343e-10,1.0000024985856726e-06,119.99998474121094,0.9094119071960449,0.0028172775637358427,0.019150853157043457,34.35623550415039,0.8879481554031372
liver_18,liver_18.nii.gz,32,6,2654670512,0.4373331069946289,0.0011013930197805166,0.010832040570676327,39.30579376220703,0.9032022356987,1.7395053453217457e-10,1.000002725959348e-06,119.99998474121094,0.912255048751831,0.001957450993359089,0.014440578408539295,36.808311462402344,0.8961660265922546
liver_18,liver_18.nii.gz,32,7,837676890,0.42145824432373047,0.0012919687433168292,0.012745700776576996,37.89272689819336,0.901112973690033,1.664035020887411e-10,1.0000026122725103e-06,119.99998474121094,0.9110602140426636,0.0022331466898322105,0.016757003962993622,35.516075134277344,0.8938668966293335
liver_18,liver_18.nii.gz,64,0,3600859062,0.6572732925415039,0.0003963891649618745,0.006286218762397766,44.03221130371094,0.9099727869033813,3.9730016498928933e-10,1.0000069323723437e-06,119.99993896484375,0.9147631525993347,0.0011565742315724492,0.01073780469596386,39.381690979003906,0.9007866382598877
liver_18,liver_18.nii.gz,64,1,1744629569,0.6618380546569824,0.0003022100718226284,0.005142305977642536,45.7768440246582,0.9110110998153687,3.890167632469854e-10,1.0000067049986683e-06,119.99993896484375,0.9156426787376404,0.0008936836966313422,0.00884291622787714,41.068092346191406,0.9019467234611511
liver_18,liver_18.nii.gz,64,2,542810766,0.664360523223877,0.00035912409657612443,0.005307683255523443,45.50189971923828,0.9105767607688904,3.6062616781684653e-10,1.0000062502513174e-06,119.99993896484375,0.9146933555603027,0.0010699690319597721,0.009161539375782013,40.7606315612793,0.9024290442466736
liver_18,liver_18.nii.gz,64,3,3299134384,0.6718568801879883,0.00032842037035152316,0.005258296150714159,45.583099365234375,0.9107108116149902,3.6760108845790285e-10,1.0000063639381551e-06,119.99993896484375,0.9149523973464966,0.0010008441749960184,0.009179380722343922,40.74373245239258,0.9020270109176636
liver_18,liver_18.nii.gz,64,4,3595298841,0.660489559173584,0.00032604695297777653,0.004888609051704407,46.21629333496094,0.9108929634094238,3.679384297239352e-10,1.0000062502513174e-06,119.99993896484375,0.9152116179466248,0.0009603437501937151,0.008389937691390514,41.52482604980469,0.902491569519043
liver_18,liver_18.nii.gz,64,5,3632779329,0.6501803398132324,0.0003496412537060678,0.005224245134741068,45.639530181884766,0.910653829574585,3.664873404751745e-10,1.0000062502513174e-06,119.99993896484375,0.9151837229728699,0.0009994892170652747,0.008832861669361591,41.077972412109375,0.9022347927093506
liver_18,liver_18.nii.gz,64,6,1177441684,0.657310962677002,0.0003858808777295053,0.005885711405426264,44.60401916503906,0.9101496338844299,3.644730628415971e-10,1.0000063639381551e-06,119.99993896484375,0.9146833419799805,0.0011260372120887041,0.010054230690002441,39.95302200317383,0.9014541506767273
liver_18,liver_18.nii.gz,64,7,2199336377,0.6398992538452148,0.00035609130281955004,0.0052047306671738625,45.672035217285156,0.9106295108795166,4.0299061310200557e-10,1.0000070460591814e-06,119.99993896484375,0.9151220917701721,0.000988864921964705,0.00867333821952343,41.23627471923828,0.9026466608047485
liver_18,liver_18.nii.gz,128,0,641341389,0.8781590461730957,8.130189962685108e-05,0.002553860656917095,51.856056213378906,0.9127209186553955,5.258714574907231e-10,1.0000084103012341e-06,119.99992370605469,0.9141850471496582,0.0006672751624137163,0.007316451519727707,42.7139892578125,0.9021695852279663
liver_18,liver_18.nii.gz,128,1,2933582964,0.8774666786193848,7.725357136223465e-05,0.002383301965892315,52.456417083740234,0.9127652049064636,5.515341516826311e-10,1.0000089787354227e-06,119.99992370605469,0.9142571687698364,0.0006304659764282405,0.006808507721871138,43.33896255493164,0.902083158493042
liver_18,liver_18.nii.gz,128,2,3502527124,0.8778777122497559,5.6376120483037084e-05,0.001972175668925047,54.1010856628418,0.9129725694656372,5.337026376395215e-10,1.0000086376749096e-06,119.99992370605469,0.914482831954956,0.00046163276419974864,0.005643494427204132,44.96903991699219,0.9021182060241699
liver_18,liver_18.nii.gz,128,3,1589134912,0.8706417083740234,8.510895713698119e-05,0.0024491609074175358,52.21965408325195,0.9124549627304077,5.282745352275242e-10,1.0000085239880718e-06,119.99992370605469,0.9141514897346497,0.0006579284090548754,0.0068095773458480835,43.33759689331055,0.9010372757911682
liver_18,liver_18.nii.gz,128,4,3785809724,0.8718099594116211,6.536969158332795e-05,0.002146578161045909,53.36506652832031,0.9128512144088745,5.569897876256391e-10,1.0000090924222604e-06,119.99992370605469,0.91446453332901,0.0005099398549646139,0.005995418410748243,44.44361114501953,0.9018799066543579
liver_18,liver_18.nii.gz,128,5,1534979836,0.8720707893371582,5.5021919251885265e-05,0.0019968487322330475,53.99309539794922,0.913020133972168,5.539170233603841e-10,1.0000089787354227e-06,119.99992370605469,0.9146111011505127,0.0004300928267184645,0.005582905374467373,45.06279373168945,0.9021753668785095
liver_18,liver_18.nii.gz,128,6,537649168,0.8808789253234863,5.484174835146405e-05,0.002051785122603178,53.757362365722656,0.9130111932754517,5.393324675750932e-10,1.0000086376749096e-06,119.99992370605469,0.9145010709762573,0.00046038260916247964,0.005944803822785616,44.517250061035156,0.9019947648048401
liver_18,liver_18.nii.gz,128,7,760962573,0.8716340065002441,6.11934665357694e-05,0.0024343421682715416,52.272369384765625,0.9129292964935303,5.550739312631947e-10,1.0000089787354227e-06,119.99992370605469,0.9145715832710266,0.00047670715139247477,0.006794485729187727,43.35686492919922,0.9017788171768188
liver_58,liver_58.nii.gz,4,0,3260828990,0.07028436660766602,0.003195967525243759,0.02576329931616783,31.779972076416016,0.8768185973167419,1.8197175537248977e-12,9.999999974752427e-07,120.0,0.8973701000213623,0.0034375754185020924,0.026719382032752037,31.463470458984375,0.8752651214599609
liver_58,liver_58.nii.gz,4,1,3587941423,0.06915616989135742,0.002600566018372774,0.023485317826271057,32.58407211303711,0.8815590143203735,1.849403876569289e-12,9.999999974752427e-07,120.0,0.8921864032745361,0.0027937726117670536,0.02434210106730461,32.2728385925293,0.8807694911956787
liver_58,liver_58.nii.gz,4,2,510583361,0.07406806945800781,0.002700015902519226,0.02411481738090515,32.35432052612305,0.8818215131759644,3.645379571121099e-12,9.999999974752427e-07,120.0,0.8939282298088074,0.0029159982223063707,0.02506077289581299,32.020111083984375,0.8808531165122986
liver_58,liver_58.nii.gz,4,3,3520318940,0.07281970977783203,0.0025307503528892994,0.022585878148674965,32.92325973510742,0.8789066672325134,1.3660585249791746e-12,9.999999974752427e-07,120.0,0.8889557123184204,0.0027295127511024475,0.02345605008304119,32.59490203857422,0.8781175017356873
liver_58,liver_58.nii.gz,4,4,2439813861,0.074615478515625,0.003570505417883396,0.02882743626832962,30.803878784179688,0.8746463060379028,2.6663632239631863e-12,9.999999974752427e-07,120.0,0.8947266340255737,0.003858401905745268,0.029967114329338074,30.46710205078125,0.8730272054672241
liver_58,liver_58.nii.gz,4,5,2945601664,0.07282400131225586,0.0024357279762625694,0.021388288587331772,33.396480560302734,0.8828351497650146,1.8294348241160163e-12,9.999999974752427e-07,120.0,0.8977784514427185,0.00262703956104815,0.022212373092770576,33.06809997558594,0.8816614747047424
liver_58,liver_58.nii.gz,4,6,1621438548,0.06927967071533203,0.003438148880377412,0.0305410735309124,30.30231475830078,0.8687459230422974,1.2409941997637564e-11,1.0000001111620804e-06,120.0,0.8774953484535217,0.003694073064252734,0.03165736049413681,29.99050521850586,0.8680946230888367
liver_58,liver_58.nii.gz,4,7,1748598780,0.06454038619995117,0.002858551684767008,0.02407645992934704,32.36814880371094,0.8738237619400024,6.385378337192549e-12,1.0000001111620804e-06,120.0,0.8906842470169067,0.0030557725112885237,0.02489316463470459,32.07839584350586,0.8726605772972107
liver_58,liver_58.nii.gz,8,0,2490993045,0.1381077766418457,0.002254229737445712,0.02341632917523384,32.60962677001953,0.8842649459838867,1.8032974419268655e-11,1.0000002248489182e-06,120.0,0.8978328108787537,0.002615442732349038,0.025222742930054665,31.964153289794922,0.8820909857749939
liver_58,liver_58.nii.gz,8,1,2404879705,0.131805419921875,0.0020940194372087717,0.020999254658818245,33.55592346191406,0.8861141204833984,1.2564040953455535e-11,1.0000002248489182e-06,120.0,0.900871217250824,0.0024119240697473288,0.02253696136176586,32.94209289550781,0.8838737607002258
liver_58,liver_58.nii.gz,8,2,3574692646,0.14056634902954102,0.0015777820954099298,0.01784098520874977,34.971622467041016,0.8904544115066528,1.6215032788702288e-11,1.0000002248489182e-06,120.0,0.9013330340385437,0.001835839357227087,0.019244765862822533,34.31374740600586,0.888675332069397
liver_58,liver_58.nii.gz,8,3,1694694661,0.1305990219116211,0.0011138319969177246,0.013549815863370895,37.361331939697266,0.8942295908927917,1.1632776339420836e-11,1.0000001111620804e-06,120.0,0.9014601111412048,0.0012811487540602684,0.014531931839883327,36.75353240966797,0.8931435346603394
liver_58,liver_58.nii.gz,8,4,4262724373,0.14072465896606445,0.0011941146804019809,0.013934008777141571,37.11847686767578,0.8922309279441833,1.0161455010759823e-11,1.0000001111620804e-06,120.0,0.8991157412528992,0.001389676472172141,0.015031762421131134,36.459800720214844,0.8911034464836121
liver_58,liver_58.nii.gz,8,5,4108063376,0.13121604919433594,0.001350906677544117,0.01555217057466507,36.16417694091797,0.8921608328819275,1.2779540446705706e-11,1.0000002248489182e-06,120.0,0.9008970260620117,0.0015549397794529796,0.01668534241616726,35.55329895019531,0.8908414244651794
liver_58,liver_58.nii.gz,8,6,1105968482,0.13836050033569336,0.00176442158408463,0.01998158171772957,33.987403869628906,0.8875389099121094,1.40841583187723e-11,1.0000002248489182e-06,120.0,0.8963668942451477,0.002047749236226082,0.021526183933019638,33.340660095214844,0.886121392250061
liver_58,liver_58.nii.gz,8,7,167710722,0.13911724090576172,0.001637330511584878,0.018789559602737427,34.52166748046875,0.8908274173736572,2.2756352358044296e-11,1.0000003385357559e-06,120.0,0.9017474055290222,0.0019019204191863537,0.020250912755727768,33.87110900878906,0.8890629410743713
liver_58,liver_58.nii.gz,16,0,3106604532,0.2508211135864258,0.0005959761328995228,0.009699682705104351,40.26485061645508,0.8996240496635437,5.058454002893065e-11,1.0000007932831068e-06,119.99999237060547,0.9045998454093933,0.0007955057662911713,0.011206365190446377,39.010704040527344,0.8979583978652954
liver_58,liver_58.nii.gz,16,1,2486467901,0.25180721282958984,0.0010003047063946724,0.012760423123836517,37.88269805908203,0.8960650563240051,3.10021903981994e-11,1.0000004522225936e-06,120.0,0.9029065370559692,0.0013369611697271466,0.014752252027392387,36.622833251953125,0.8937626481056213
liver_58,liver_58.nii.gz,16,2,2767557455,0.24995183944702148,0.0007993895560503006,0.010785166174173355,39.34346389770508,0.8987191319465637,2.971068530088772e-11,1.0000004522225936e-06,120.0,0.9038930535316467,0.0010657842503860593,0.012453236617147923,38.094356536865234,0.8969950675964355
liver_58,liver_58.nii.gz,16,3,665011889,0.23525285720825195,0.000643201288767159,0.010099380277097225,39.91410446166992,0.8989593982696533,6.188639184445677e-11,1.0000010206567822e-06,119.99999237060547,0.9044884443283081,0.0008410639129579067,0.01154877059161663,38.74928283691406,0.8972586393356323
liver_58,liver_58.nii.gz,16,4,742514965,0.25095176696777344,0.0005945428274571896,0.008747304789721966,41.162513732910156,0.900556206703186,3.265789028095156e-11,1.0000004522225936e-06,120.0,0.905161440372467,0.0007937310147099197,0.010106932371854782,39.90761184692383,0.8990134596824646
liver_58,liver_58.nii.gz,16,5,3655927233,0.24483680725097656,0.0007127536227926612,0.010972014628350735,39.194271087646484,0.8985315561294556,4.307373555056948e-11,1.000000679596269e-06,119.99999237060547,0.9050503969192505,0.0009438405395485461,0.01262600440531969,37.97468185424805,0.8964182138442993
liver_58,liver_58.nii.gz,16,6,803840037,0.2480754852294922,0.000629613408818841,0.010270677506923676,39.76802062988281,0.899360716342926,6.013071290889016e-11,1.0000009069699445e-06,119.99999237060547,0.9055776596069336,0.000837335828691721,0.011844370514154434,38.529762268066406,0.8973097801208496
liver_58,liver_58.nii.gz,16,7,3729917546,0.2501544952392578,0.0006798134418204427,0.01032762136310339,39.719993591308594,0.8991286158561707,3.9234240856167446e-11,1.0000005659094313e-06,119.99999237060547,0.9040588736534119,0.0009066046914085746,0.011926538310945034,38.46971130371094,0.8974840044975281
liver_58,liver_58.nii.gz,32,0,1467652872,0.4261202812194824,0.0003497415455058217,0.006930819246917963,43.18431091308594,0.9025181531906128,7.94724286379278e-11,1.0000012480304576e-06,119.99999237060547,0.9062012434005737,0.0006094335112720728,0.009149011224508286,40.772518157958984,0.8997836112976074
liver_58,liver_58.nii.gz,32,1,1766292918,0.41649389266967773,0.0003439455758780241,0.006403360981494188,43.87184143066406,0.9023845791816711,7.797131690301384e-11,1.0000012480304576e-06,119.99999237060547,0.9060384631156921,0.0005894463392905891,0.008382726460695267,41.532291412353516,0.8997768759727478
liver_58,liver_58.nii.gz,32,2,822480022,0.43714332580566406,0.0003040459123440087,0.005867354571819305,44.63115310668945,0.9026865363121033,6.950775371938889e-11,1.00000113434362e-06,119.99999237060547,0.906204104423523,0.000540183566045016,0.00782066024839878,42.135128021240234,0.8999549746513367
liver_58,liver_58.nii.gz,32,3,3053243460,0.42693519592285156,0.00032621307764202356,0.0059226579032838345,44.54966735839844,0.9029051065444946,7.56224111109205e-11,1.0000012480304576e-06,119.99999237060547,0.906198263168335,0.00056924280943349,0.007823746651411057,42.13170623779297,0.9004521369934082
liver_58,liver_58.nii.gz,32,4,1307507920,0.42263269424438477,0.00032541854307055473,0.0057558887638151646,44.797752380371094,0.9025777578353882,7.430638743199935e-11,1.0000012480304576e-06,119.99999237060547,0.9060478210449219,0.0005636248388327658,0.007575063966214657,42.41227722167969,0.9000380635261536
liver_58,liver_58.nii.gz,32,5,1110731254,0.4215888977050781,0.0003882757155224681,0.006920824758708477,43.19683837890625,0.9018827676773071,6.910454847242065e-11,1.00000113434362e-06,119.99999237060547,0.905485987663269,0.0006712798494845629,0.009099961258471012,40.819210052490234,0.8992567658424377
liver_58,liver_58.nii.gz,32,6,2450558262,0.4379086494445801,0.0003069161612074822,0.005789138842374086,44.747718811035156,0.9029461145401001,7.374312271934969e-11,1.0000012480304576e-06,119.99999237060547,0.9058423042297363,0.0005460253451019526,0.007721657399088144,42.24578857421875,0.9006900787353516
liver_58,liver_58.nii.gz,32,7,3162657200,0.42978668212890625,0.0002727813844103366,0.005572578404098749,45.078880310058594,0.9032384157180786,9.076660950624316e-11,1.000001475404133e-06,119.99999237060547,0.9069606065750122,0.0004783847543876618,0.007379679940640926,42.639251708984375,0.9004330635070801
liver_58,liver_58.nii.gz,64,0,3546084523,0.6463980674743652,0.0002187776262871921,0.005894445814192295,44.59114074707031,0.9032890796661377,1.7231489846114556e-10,1.000003521767212e-06,119.99996948242188,0.9056507349014282,0.0006187113467603922,0.009912556037306786,40.07628631591797,0.8989725112915039
liver_58,liver_58.nii.gz,64,1,286961862,0.6605167388916016,0.00013370381202548742,0.0038044590037316084,48.394142150878906,0.9042651653289795,1.588427306353779e-10,1.0000032943935366e-06,119.99996948242188,0.9059652090072632,0.0003938447334803641,0.006529556587338448,43.70232391357422,0.9009583592414856
liver_58,liver_58.nii.gz,64,2,1629838336,0.6542477607727051,0.00014924911374691874,0.00472594378516078,46.510231018066406,0.9035850763320923,1.7524279249947483e-10,1.000003521767212e-06,119.99996948242188,0.9056158065795898,0.0004316646372899413,0.008037223480641842,41.89788055419922,0.8997431397438049
liver_58,liver_58.nii.gz,64,3,3281387924,0.6636600494384766,0.00010331440716981888,0.003505983389914036,49.10380554199219,0.904360294342041,1.71001143800531e-10,1.0000034080803744e-06,119.99996948242188,0.9062014222145081,0.000307172245811671,0.006045338232070208,44.371585845947266,0.900728166103363
liver_58,liver_58.nii.gz,64,4,1865412932,0.6551485061645508,0.00016435550060123205,0.004831713158637285,46.31797790527344,0.9038175940513611,1.615413774969099e-10,1.0000032943935366e-06,119.99996948242188,0.9059000611305237,0.00047659757547080517,0.008227826096117496,41.694297790527344,0.8998619318008423
liver_58,liver_58.nii.gz,64,5,2701189061,0.6532163619995117,0.0001238601398654282,0.0035193993244320154,49.07062911987305,0.9043911099433899,1.5579748602334575e-10,1.000003180706699e-06,119.99996948242188,0.9060586094856262,0.0003571680572349578,0.005976394284516573,44.471214294433594,0.9012507200241089
liver_58,liver_58.nii.gz,64,6,1986520948,0.6533923149108887,9.374454384669662e-05,0.0028855917043983936,50.79530334472656,0.9046356678009033,1.597374316153477e-10,1.0000032943935366e-06,119.99996948242188,0.906388521194458,0.00027046268223784864,0.004901350475847721,46.193687438964844,0.9013320803642273
liver_58,liver_58.nii.gz,64,7,89924403,0.6397585868835449,0.00012831469939555973,0.0036159108858555555,48.83564376831055,0.9041053056716919,1.7665907625641353e-10,1.0000036354540498e-06,119.99996948242188,0.9060497283935547,0.00035619057598523796,0.006024498492479324,44.40158462524414,0.9006529450416565
liver_58,liver_58.nii.gz,128,0,3889976355,0.8650307655334473,1.9958926714025438e-05,0.0013887860113754869,57.14729309082031,0.9050037860870361,2.1516800841059336e-10,1.000003976514563e-06,119.99996185302734,0.9056774377822876,0.00014787624240852892,0.0037802266888320446,48.44964599609375,0.9006871581077576
liver_58,liver_58.nii.gz,128,1,2036794478,0.8667149543762207,2.1606167138088495e-05,0.0015437210677191615,56.22862243652344,0.904944658279419,1.9741047685428725e-10,1.000003521767212e-06,119.99996948242188,0.9056017398834229,0.00016210366447921842,0.004228419158607721,47.4764404296875,0.9006718993186951
liver_58,liver_58.nii.gz,128,2,3510051165,0.8677639961242676,1.3511320503312163e-05,0.0010934981983155012,59.223636627197266,0.9050250053405762,1.9701622278045505e-10,1.000003521767212e-06,119.99996948242188,0.9056913256645203,0.00010217451927019283,0.003007066436111927,50.43714141845703,0.9006540179252625
liver_58,liver_58.nii.gz,128,3,983699728,0.8613414764404297,1.5563855413347483e-05,0.001222748658619821,58.25325393676758,0.9050358533859253,1.955825917887566e-10,1.000003521767212e-06,119.99996948242188,0.9057052731513977,0.00011224472837056965,0.003283702302724123,49.67272186279297,0.9008787274360657
liver_58,liver_58.nii.gz,128,4,3009676048,0.8706035614013672,1.1735881344066001e-05,0.0009670217405073345,60.29127502441406,0.9050540328025818,2.0262541644555654e-10,1.0000037491408875e-06,119.99996948242188,0.9056913256645203,9.06957357074134e-05,0.0026882824022322893,51.41050338745117,0.9007675051689148
liver_58,liver_58.nii.gz,128,5,3761103996,0.8645477294921875,2.990236498590093e-05,0.001649928861297667,55.65069580078125,0.9048995971679688,1.8207114982349282e-10,1.0000032943935366e-06,119.99996948242188,0.9055094122886658,0.00022075824381317943,0.004483033902943134,46.96855926513672,0.9010090231895447
liver_58,liver_58.nii.gz,128,6,4078283337,0.8663873672485352,1.1198721949767787e-05,0.0010945071699097753,59.21562576293945,0.9050455093383789,2.0900063624207377e-10,1.0000037491408875e-06,119.99996948242188,0.9057607650756836,8.381348743569106e-05,0.0029942956753075123,50.47410583496094,0.9004086256027222
liver_58,liver_58.nii.gz,128,7,2095907397,0.8753862380981445,2.4484761524945498e-05,0.0014572563813999295,56.729278564453125,0.9049819707870483,1.8552813452199501e-10,1.0000034080803744e-06,119.99996948242188,0.9055578112602234,0.00019648390298243612,0.004128125496208668,47.684940338134766,0.9009377956390381
liver_21,liver_21.nii.gz,4,0,1770306527,0.0774383544921875,0.006470790132880211,0.037466567009687424,28.527122497558594,0.851887583732605,2.4774097703850195e-12,9.999999974752427e-07,120.0,0.8801510334014893,0.007013937924057245,0.03900732845067978,28.177074432373047,0.8495151996612549
liver_21,liver_21.nii.gz,4,1,1238751181,0.06554651260375977,0.007928304374217987,0.043023355305194855,27.32591438293457,0.8430951237678528,2.9268764061701757e-12,9.999999974752427e-07,120.0,0.845271646976471,0.008484428748488426,0.044506702572107315,27.031490325927734,0.842942476272583
liver_21,liver_21.nii.gz,4,2,1514189502,0.07412004470825195,0.00578499399125576,0.03430948778986931,29.291715621948242,0.8541603088378906,3.259368469565871e-12,9.999999974752427e-07,120.0,0.8717337846755981,0.00624810392037034,0.03565635159611702,28.95726203918457,0.8527535200119019
liver_21,liver_21.nii.gz,4,3,720316193,0.0718388557434082,0.007396635599434376,0.04202543944120407,27.529754638671875,0.8442691564559937,1.582525777088506e-12,9.999999974752427e-07,120.0,0.8720817565917969,0.007969128899276257,0.043621499091386795,27.205989837646484,0.8421164751052856
liver_21,liver_21.nii.gz,4,4,2475567802,0.06987762451171875,0.008432348258793354,0.04481592774391174,26.971351623535156,0.8375523090362549,2.341271100603226e-11,1.0000003385357559e-06,120.0,0.8648366332054138,0.009065847843885422,0.04646889120340347,26.656753540039062,0.8355025053024292
liver_21,liver_21.nii.gz,4,5,4280005826,0.0732269287109375,0.006484510377049446,0.037772636860609055,28.45645523071289,0.8508701324462891,1.1643958366946983e-12,9.999999974752427e-07,120.0,0.8765774965286255,0.006996869575232267,0.03923653066158295,28.12618637084961,0.8488388657569885
liver_21,liver_21.nii.gz,4,6,2126808691,0.07152080535888672,0.009017023257911205,0.04882447049021721,26.22724723815918,0.8434864282608032,8.643249310713585e-12,1.0000001111620804e-06,120.0,0.8670142889022827,0.009711605496704578,0.050670064985752106,25.904970169067383,0.8416742086410522
liver_21,liver_21.nii.gz,4,7,462743492,0.07305145263671875,0.006501929834485054,0.03716107830405235,28.598234176635742,0.8454313278198242,3.696110691814303e-12,9.999999974752427e-07,120.0,0.8535647988319397,0.007014337461441755,0.03859761729836464,28.26879119873047,0.8447903990745544
liver_21,liver_21.nii.gz,8,0,3372733975,0.1307063102722168,0.004294704180210829,0.03005499206483364,30.441667556762695,0.8692516088485718,3.101339324240726e-11,1.0000004522225936e-06,120.0,0.8911612033843994,0.004940452519804239,0.03223542124032974,29.83333396911621,0.8659574389457703
liver_21,liver_21.nii.gz,8,1,1200147913,0.13161659240722656,0.003728842129930854,0.02630200795829296,31.600223541259766,0.8737117052078247,1.614512863679085e-11,1.0000002248489182e-06,120.0,0.8870659470558167,0.004294004291296005,0.028224948793649673,30.987337112426758,0.8716877102851868
liver_21,liver_21.nii.gz,8,2,3319877162,0.13079547882080078,0.004548294469714165,0.032199859619140625,29.842920303344727,0.8695823550224304,3.107373733324259e-11,1.0000004522225936e-06,120.0,0.879406213760376,0.005232708994299173,0.0345376655459404,29.234140396118164,0.868104100227356
liver_21,liver_21.nii.gz,8,3,964755954,0.14020109176635742,0.003248797729611397,0.022656895220279694,32.895992279052734,0.8777266144752502,1.0291260031658478e-11,1.0000001111620804e-06,120.0,0.8900322318077087,0.0037785551976412535,0.024434415623545647,32.239959716796875,0.8757200837135315
liver_21,liver_21.nii.gz,8,4,1001606535,0.13454246520996094,0.0038035307079553604,0.02674206905066967,31.456098556518555,0.8730118870735168,2.4240607784942192e-11,1.0000003385357559e-06,120.0,0.8838931322097778,0.004394820891320705,0.02874564938247204,30.828556060791016,0.871320366859436
liver_21,liver_21.nii.gz,8,5,922750816,0.13493061065673828,0.003530386369675398,0.024517321959137917,32.21053695678711,0.874575138092041,2.463165088562036e-11,1.0000003385357559e-06,120.0,0.8880025148391724,0.0040810443460941315,0.026360131800174713,31.5810489654541,0.8724809288978577
liver_21,liver_21.nii.gz,8,6,367958066,0.1386861801147461,0.004027398303151131,0.028232334181666374,30.985065460205078,0.8709079623222351,2.1556643622910876e-11,1.0000003385357559e-06,120.0,0.8936122059822083,0.004675877746194601,0.03042048215866089,30.33667755126953,0.8672523498535156
liver_21,liver_21.nii.gz,8,7,3994872053,0.13718080520629883,0.0029628630727529526,0.0209512859582901,33.57578659057617,0.8803184628486633,2.3738788712535097e-11,1.0000003385357559e-06,120.0,0.8913657665252686,0.0034339327830821276,0.022555412724614143,32.93498611450195,0.8785620331764221
liver_21,liver_21.nii.gz,16,0,2113476633,0.25135135650634766,0.001959186280146241,0.01621374301612377,35.80233383178711,0.8920620679855347,5.934890773273693e-11,1.0000009069699445e-06,119.99999237060547,0.9027276039123535,0.002616963582113385,0.01873890683054924,34.54511260986328,0.8884814381599426
liver_21,liver_21.nii.gz,16,1,3683553956,0.24364805221557617,0.0021688828710466623,0.01756412535905838,35.10746765136719,0.8896397352218628,7.491479658838784e-11,1.00000113434362e-06,119.99999237060547,0.9019982814788818,0.002867557806894183,0.020195962861180305,33.89470672607422,0.8856587409973145
liver_21,liver_21.nii.gz,16,2,1020814083,0.24433660507202148,0.0020078832749277353,0.01689557172358036,35.444541931152344,0.8917571902275085,6.75395434024395e-11,1.0000010206567822e-06,119.99999237060547,0.90280681848526,0.002657113363966346,0.019436081871390343,34.22782516479492,0.8881844878196716
liver_21,liver_21.nii.gz,16,3,1901776057,0.24747323989868164,0.0018544697668403387,0.01535024680197239,36.27769088745117,0.8930115699768066,6.445373401664511e-11,1.0000010206567822e-06,119.99999237060547,0.903937816619873,0.002464324003085494,0.01769515499472618,35.042911529541016,0.8894184827804565
liver_21,liver_21.nii.gz,16,4,9908650,0.25461244583129883,0.001729338662698865,0.014079723507165909,37.02811813354492,0.894747257232666,5.5091143452701274e-11,1.0000009069699445e-06,119.99999237060547,0.9034383296966553,0.002320053055882454,0.01630808785557747,35.75193786621094,0.8917787671089172
liver_21,liver_21.nii.gz,16,5,380120504,0.24388599395751953,0.0021904686000198126,0.01815119944512844,34.821895599365234,0.8901073932647705,6.714993144862902e-11,1.0000010206567822e-06,119.99999237060547,0.9034489393234253,0.002897008089348674,0.02087428979575634,33.607765197753906,0.8858042359352112
liver_21,liver_21.nii.gz,16,6,2428673895,0.25173282623291016,0.0031408979557454586,0.026419542729854584,31.561492919921875,0.8833718299865723,6.121131379543954e-11,1.0000009069699445e-06,119.99999237060547,0.9031078219413757,0.004197562113404274,0.030541962012648582,30.30206298828125,0.8767324686050415
liver_21,liver_21.nii.gz,16,7,3551173267,0.23956775665283203,0.0024256452452391386,0.019079409539699554,34.388702392578125,0.8870785236358643,6.179296657693456e-11,1.0000010206567822e-06,119.99999237060547,0.9017900824546814,0.003189824288710952,0.02187936380505562,33.19930648803711,0.8824438452720642
liver_21,liver_21.nii.gz,32,0,3344522343,0.4390096664428711,0.001133548328652978,0.011675210669636726,38.65470504760742,0.90132075548172,1.316661085715154e-10,1.0000020438383217e-06,119.99998474121094,0.908743143081665,0.0020206200424581766,0.015587880276143551,36.14426040649414,0.8955125212669373
liver_21,liver_21.nii.gz,32,1,2244163812,0.4282650947570801,0.0009332222980447114,0.0095336539670825,40.41481399536133,0.9034469127655029,1.536529792289798e-10,1.0000023848988349e-06,119.99998474121094,0.9105129837989807,0.0016322638839483261,0.01260845921933651,37.986759185791016,0.8981543183326721
liver_21,liver_21.nii.gz,32,2,1061701152,0.4211087226867676,0.001000395743176341,0.009644683450460434,40.314239501953125,0.9027371406555176,1.5372929318413497e-10,1.0000023848988349e-06,119.99998474121094,0.9101021885871887,0.0017281235195696354,0.012676212005317211,37.940208435058594,0.8973798155784607
liver_21,liver_21.nii.gz,32,3,3145268152,0.42972373962402344,0.0007776275742799044,0.008598997257649899,41.31104278564453,0.9051272869110107,1.6228866861478508e-10,1.0000024985856726e-06,119.99998474121094,0.9119700789451599,0.001363597810268402,0.011386890895664692,38.87189483642578,0.8999711275100708
liver_21,liver_21.nii.gz,32,4,3136859866,0.42545604705810547,0.0009875270770862699,0.009619303978979588,40.337127685546875,0.902585506439209,1.5187309743147637e-10,1.0000023848988349e-06,119.99998474121094,0.9097998142242432,0.0017188014462590218,0.012690595351159573,37.93035888671875,0.8972436189651489
liver_21,liver_21.nii.gz,32,5,1019955733,0.42456722259521484,0.0009531207615509629,0.010312137193977833,39.73302459716797,0.9027184247970581,1.6501823518755288e-10,1.0000026122725103e-06,119.99998474121094,0.9110740423202515,0.0016563546378165483,0.013594129122793674,37.332969665527344,0.8965536952018738
liver_21,liver_21.nii.gz,32,6,4085639935,0.4292769432067871,0.0010677806567400694,0.011319415643811226,38.92352294921875,0.9020368456840515,1.650944519981934e-10,1.0000026122725103e-06,119.99998474121094,0.9107630848884583,0.0018709261203184724,0.014983431436121464,36.48777389526367,0.8954734206199646
liver_21,liver_21.nii.gz,32,7,1798446068,0.42679643630981445,0.0008012109901756048,0.00885824579745531,41.05304718017578,0.9047806262969971,1.5544188158855832e-10,1.0000023848988349e-06,119.99998474121094,0.9114381670951843,0.0013977772323414683,0.011700199916958809,38.63613510131836,0.8998239636421204
liver_21,liver_21.nii.gz,64,0,1008645807,0.6691932678222656,0.00025253480998799205,0.004657166078686714,46.63756561279297,0.9097892642021179,3.1473185169161866e-10,1.000005568130291e-06,119.99995422363281,0.9136780500411987,0.0007633902714587748,0.008097194135189056,41.833309173583984,0.9019231796264648
liver_21,liver_21.nii.gz,64,1,2185205892,0.6387195587158203,0.0003893601824529469,0.0059407432563602924,44.5231819152832,0.9086126685142517,3.2209881983824573e-10,1.0000057955039665e-06,119.99995422363281,0.9127917289733887,0.0010777221759781241,0.009883677586913109,40.101627349853516,0.9012248516082764
liver_21,liver_21.nii.gz,64,2,3507721807,0.6381525993347168,0.00033699380583129823,0.005454673897475004,45.264625549316406,0.9091046452522278,3.27338600669691e-10,1.0000057955039665e-06,119.99995422363281,0.9133064150810242,0.0009313140762969851,0.00906788557767868,40.84988021850586,0.9016950130462646
liver_21,liver_21.nii.gz,64,3,2761289625,0.6617474555969238,0.0002675659488886595,0.004767712205648422,46.433799743652344,0.9096949100494385,3.190968045352349e-10,1.000005568130291e-06,119.99995422363281,0.9135253429412842,0.0007910236017778516,0.00819765217602253,41.72621154785156,0.9022017121315002
liver_21,liver_21.nii.gz,64,4,526520772,0.6549272537231445,0.0005122615257278085,0.007778443396091461,42.18214416503906,0.9073147773742676,3.1275948497722084e-10,1.0000056818171288e-06,119.99995422363281,0.9118924736976624,0.0014845023397356272,0.01324150525033474,37.56125259399414,0.8986274600028992
liver_21,liver_21.nii.gz,64,5,3834324104,0.6680407524108887,0.00026555333170108497,0.004900642205029726,46.19493865966797,0.9096951484680176,3.0944619089368075e-10,1.0000054544434533e-06,119.99995422363281,0.913443386554718,0.0007999570807442069,0.008505710400640965,41.40578842163086,0.9021525979042053
liver_21,liver_21.nii.gz,64,6,3591559324,0.6581454277038574,0.0004506543045863509,0.0073783728294074535,42.640785217285156,0.9077231884002686,3.022566363863888e-10,1.0000053407566156e-06,119.99995422363281,0.9119796752929688,0.0013182626571506262,0.012619434855878353,37.97920227050781,0.899529218673706
liver_21,liver_21.nii.gz,64,7,1843144614,0.6587009429931641,0.00029570539481937885,0.004734266549348831,46.49494552612305,0.909467339515686,2.9609129037488913e-10,1.000005227069778e-06,119.99995422363281,0.913173258304596,0.0008664109045639634,0.008103732950985432,41.8262939453125,0.9023153781890869
liver_21,liver_21.nii.gz,128,0,190666758,0.873591423034668,6.800531991757452e-05,0.002491811290383339,52.069698333740234,0.9111037254333496,4.538521225505576e-10,1.0000073871196946e-06,119.99993133544922,0.9125223159790039,0.0005379771464504302,0.0070085288025438786,43.08746337890625,0.901300847530365
liver_21,liver_21.nii.gz,128,1,1705109579,0.8722414970397949,4.509456630330533e-05,0.0020146812312304974,53.915870666503906,0.9113528728485107,4.5364670353542635e-10,1.0000073871196946e-06,119.99993133544922,0.9128009080886841,0.0003529641544446349,0.00563652440905571,44.979774475097656,0.901467502117157
liver_21,liver_21.nii.gz,128,2,176326214,0.862675666809082,5.814542601001449e-05,0.002252542180940509,52.9465446472168,0.9112997055053711,4.479729642792307e-10,1.0000072734328569e-06,119.99993133544922,0.9128183126449585,0.0004234139632899314,0.0060785380192101,44.32401657104492,0.9017603397369385
liver_21,liver_21.nii.gz,128,3,2009595235,0.8686671257019043,6.270664744079113e-05,0.002284345217049122,52.824764251708984,0.9111141562461853,4.5041081975227826e-10,1.0000072734328569e-06,119.99993133544922,0.91258704662323,0.0004774605040438473,0.006303402129560709,44.00849914550781,0.901372492313385
liver_21,liver_21.nii.gz,128,4,2314016634,0.8577628135681152,7.449580880347639e-05,0.002375073730945587,52.48645782470703,0.9111319780349731,4.362465388929593e-10,1.0000071597460192e-06,119.99993133544922,0.9125778079032898,0.000523740891367197,0.006297532934695482,44.0165901184082,0.9024136066436768
liver_21,liver_21.nii.gz,128,5,3860472039,0.8743705749511719,4.528981662588194e-05,0.0018526429776102304,54.6441650390625,0.9112655520439148,4.5934331338592926e-10,1.0000075008065323e-06,119.99993133544922,0.9127106070518494,0.0003605000674724579,0.005226921755820513,45.63507843017578,0.901208758354187
liver_21,liver_21.nii.gz,128,6,1298604232,0.8734273910522461,6.398594996426255e-05,0.0023507385049015284,52.57591247558594,0.9111802577972412,4.5652615021651854e-10,1.0000073871196946e-06,119.99993133544922,0.9125773310661316,0.0005055245128460228,0.006607458461076021,43.59931182861328,0.9015401601791382
liver_21,liver_21.nii.gz,128,7,1488911772,0.8579387664794922,7.98324472270906e-05,0.0028809260111302137,50.80936050415039,0.9110786318778992,4.5529813252898066e-10,1.0000073871196946e-06,119.99993133544922,0.9126969575881958,0.0005619552102871239,0.007643535733222961,42.33411407470703,0.9013063907623291
liver_127,liver_127.nii.gz,4,0,1570274763,0.06457376480102539,0.012158645316958427,0.05690087378025055,24.897621154785156,0.8206954598426819,3.081003117563763e-12,9.999999974752427e-07,120.0,0.8399972915649414,0.012997973710298538,0.0588320717215538,24.607717514038086,0.819362998008728
liver_127,liver_127.nii.gz,4,1,1284879109,0.06769371032714844,0.007669192738831043,0.04060879349708557,27.827598571777344,0.8429510593414307,8.817007020323064e-12,1.0000001111620804e-06,120.0,0.860257625579834,0.008226044476032257,0.04205724224448204,27.523183822631836,0.8416945338249207
liver_127,liver_127.nii.gz,4,2,2916820154,0.07575416564941406,0.011831176467239857,0.05816031992435455,24.70746612548828,0.8200703859329224,7.034689671059358e-12,1.0000001111620804e-06,120.0,0.8402073383331299,0.012800897471606731,0.06049688905477524,24.365339279174805,0.8184199333190918
liver_127,liver_127.nii.gz,4,3,2120818768,0.07603073120117188,0.0083144661039114,0.04447918012738228,27.036865234375,0.837640643119812,6.354917893997003e-12,1.0000001111620804e-06,120.0,0.8680039644241333,0.008998638950288296,0.046273037791252136,26.693439483642578,0.8351421356201172
liver_127,liver_127.nii.gz,4,4,1100426240,0.07232809066772461,0.008507300168275833,0.044906727969646454,26.953771591186523,0.839688777923584,6.778479687274963e-12,1.0000001111620804e-06,120.0,0.8643922209739685,0.009170591831207275,0.046624504029750824,26.627714157104492,0.837762713432312
liver_127,liver_127.nii.gz,4,5,44329765,0.0678863525390625,0.00992005318403244,0.0509173758327961,25.86267852783203,0.8374570608139038,1.0885316953368473e-11,1.0000001111620804e-06,120.0,0.8695341348648071,0.010642535984516144,0.05273896083235741,25.5573673248291,0.8351207971572876
liver_127,liver_127.nii.gz,4,6,1374214871,0.07126665115356445,0.007664645556360483,0.04064937308430672,27.818923950195312,0.8446272015571594,1.4382012941682731e-11,1.0000002248489182e-06,120.0,0.8599607348442078,0.008252794854342937,0.042180173099040985,27.497833251953125,0.8434506058692932
liver_127,liver_127.nii.gz,4,7,4203012119,0.07560539245605469,0.00750336330384016,0.040800802409648895,27.7866268157959,0.8429210782051086,6.766591193613225e-12,1.0000001111620804e-06,120.0,0.8703052997589111,0.00811705645173788,0.04243654012680054,27.445199966430664,0.8406814932823181
liver_127,liver_127.nii.gz,8,0,785926405,0.12879228591918945,0.0059249806217849255,0.03562565892934799,28.964740753173828,0.8574613332748413,4.31517287180494e-11,1.000000679596269e-06,119.99999237060547,0.8851157426834106,0.006800881586968899,0.03816823288798332,28.36595916748047,0.8533731698989868
liver_127,liver_127.nii.gz,8,1,85927579,0.1265397071838379,0.005923094693571329,0.03621690720319748,28.821773529052734,0.8573203086853027,3.8534585244942576e-11,1.0000005659094313e-06,119.99999237060547,0.8838522434234619,0.006781183648854494,0.03875161334872246,28.23420524597168,0.8534767031669617
liver_127,liver_127.nii.gz,8,2,1609697069,0.1424393653869629,0.005629361607134342,0.03491280972957611,29.140302658081055,0.8599472641944885,2.7685550033074158e-11,1.0000004522225936e-06,120.0,0.8836843371391296,0.006564388982951641,0.03770095854997635,28.47295379638672,0.8560045957565308
liver_127,liver_127.nii.gz,8,3,1587599007,0.14159297943115234,0.004678458906710148,0.029437199234962463,30.6220703125,0.8655543923377991,2.9056980779817998e-11,1.0000004522225936e-06,120.0,0.8888189792633057,0.005450163967907429,0.03177238628268242,29.959003448486328,0.8617170453071594
liver_127,liver_127.nii.gz,8,4,478620318,0.14353466033935547,0.005114818923175335,0.03208771347999573,29.873226165771484,0.8638424277305603,2.5581561174936596e-11,1.0000003385357559e-06,120.0,0.8904240131378174,0.005972009152173996,0.03467239812016487,29.2003231048584,0.8593876957893372
liver_127,liver_127.nii.gz,8,5,2514921117,0.12656164169311523,0.004855868872255087,0.031197650358080864,30.11756134033203,0.8660960793495178,4.8317232159700296e-11,1.000000679596269e-06,119.99999237060547,0.8864357471466064,0.005559486802667379,0.033381491899490356,29.529884338378906,0.8631488680839539
liver_127,liver_127.nii.gz,8,6,2897593060,0.1304006576538086,0.0055479733273386955,0.0344536192715168,29.25530242919922,0.8583983778953552,2.178290881005296e-11,1.0000003385357559e-06,120.0,0.8789068460464478,0.006379919126629829,0.03694666922092438,28.648494720458984,0.8553232550621033
liver_127,liver_127.nii.gz,8,7,2492966514,0.13252639770507812,0.005139809567481279,0.03191586956381798,29.919864654541016,0.862787127494812,3.8039973948578165e-11,1.0000005659094313e-06,120.0,0.8851065039634705,0.005925032775849104,0.03426719456911087,29.302427291870117,0.8593772649765015
liver_127,liver_127.nii.gz,16,0,1508757248,0.24740362167358398,0.002966206055134535,0.021947452798485756,33.17231750488281,0.8835595846176147,7.671981799850514e-11,1.00000113434362e-06,119.99999237060547,0.9015926718711853,0.003941297065466642,0.025298982858657837,31.937938690185547,0.877631664276123
liver_127,liver_127.nii.gz,16,1,1524046323,0.24953651428222656,0.002777351997792721,0.02072952501475811,33.668212890625,0.8858253955841064,8.372347953811143e-11,1.0000012480304576e-06,119.99999237060547,0.9013556838035583,0.003700848901644349,0.02392900176346302,32.4215087890625,0.88066166639328
liver_127,liver_127.nii.gz,16,2,3778629714,0.2582435607910156,0.0026992580387741327,0.019712014123797417,34.10538101196289,0.8862117528915405,5.950341608329524e-11,1.0000009069699445e-06,119.99999237060547,0.9013184309005737,0.003639008617028594,0.02288760431110859,32.8079948425293,0.8809524774551392
liver_127,liver_127.nii.gz,16,3,3386927978,0.2588539123535156,0.002834992716088891,0.02078733779489994,33.64402389526367,0.885077953338623,9.563015657132468e-11,1.000001475404133e-06,119.99999237060547,0.9022026062011719,0.0038251469377428293,0.024146100506186485,32.34305953979492,0.8790971636772156
liver_127,liver_127.nii.gz,16,4,4175991737,0.25221729278564453,0.0032543695997446775,0.024859610944986343,32.09011459350586,0.8833882808685303,8.262186768082103e-11,1.0000012480304576e-06,119.99999237060547,0.9010249972343445,0.0043520256876945496,0.028747932985424995,30.82786750793457,0.8774397969245911
liver_127,liver_127.nii.gz,16,5,843470121,0.2517433166503906,0.002489943988621235,0.018104324117302895,34.84435272216797,0.8882027864456177,6.115065398493158e-11,1.0000009069699445e-06,119.99999237060547,0.902147650718689,0.0033276602625846863,0.020929411053657532,33.58485794067383,0.8835113644599915
liver_127,liver_127.nii.gz,16,6,1249193772,0.25067710876464844,0.002506131771951914,0.018876738846302032,34.48146057128906,0.888452410697937,6.764209331544535e-11,1.0000010206567822e-06,119.99999237060547,0.9013698697090149,0.0033445286098867655,0.021806826815009117,33.228153228759766,0.8841311931610107
liver_127,liver_127.nii.gz,16,7,2923282888,0.2540245056152344,0.0025418754667043686,0.018717823550105095,34.554893493652344,0.8879338502883911,6.878318054015509e-11,1.00000113434362e-06,119.99999237060547,0.9015868306159973,0.0034074517898261547,0.021671703085303307,33.28213882446289,0.8832847476005554
liver_127,liver_127.nii.gz,32,0,225246692,0.44300413131713867,0.0011228240327909589,0.010106085799634457,39.90834045410156,0.9036952257156372,1.61068464121783e-10,1.0000024985856726e-06,119.99998474121094,0.9111714959144592,0.0020158567931503057,0.01354119461029768,37.366859436035156,0.8977493643760681
liver_127,liver_127.nii.gz,32,1,2681697964,0.4346771240234375,0.001246246974915266,0.01108945906162262,39.1017951965332,0.9019908905029297,1.754443118562321e-10,1.000002725959348e-06,119.99996948242188,0.9111667275428772,0.0022044871002435684,0.014748983085155487,36.624759674072266,0.8949357867240906
liver_127,liver_127.nii.gz,32,2,206381431,0.4259762763977051,0.0012286297278478742,0.012061734683811665,38.371803283691406,0.9027069211006165,1.9268175943665256e-10,1.0000030670198612e-06,119.99996948242188,0.9117296934127808,0.002140381373465061,0.015920065343379974,35.96110534667969,0.8960115313529968
liver_127,liver_127.nii.gz,32,3,2530786373,0.4311842918395996,0.0012950270902365446,0.011982961557805538,38.42871856689453,0.9018490314483643,1.5609011305706133e-10,1.0000024985856726e-06,119.99998474121094,0.9107329845428467,0.002276707673445344,0.015888333320617676,35.97843551635742,0.8951149582862854
liver_127,liver_127.nii.gz,32,4,1798067936,0.41806459426879883,0.001338611706160009,0.011514795012772083,38.77487564086914,0.9009709358215332,1.8081702801708843e-10,1.0000028396461857e-06,119.99996948242188,0.9101871848106384,0.002300275256857276,0.015094502829015255,36.423622131347656,0.8943502902984619
liver_127,liver_127.nii.gz,32,5,3544115386,0.4313206672668457,0.001121871406212449,0.010387585498392582,39.669708251953125,0.9036000967025757,1.7884503600296142e-10,1.0000028396461857e-06,119.99996948242188,0.9119191765785217,0.001972766127437353,0.013774660415947437,37.2183837890625,0.8972905278205872
liver_127,liver_127.nii.gz,32,6,2625025058,0.4250354766845703,0.001153640914708376,0.010401562787592411,39.65802764892578,0.9031773805618286,1.759756507180299e-10,1.000002725959348e-06,119.99996948242188,0.9117644429206848,0.0020064557902514935,0.013717598281800747,37.25444030761719,0.8968297243118286
liver_127,liver_127.nii.gz,32,7,164268546,0.4327578544616699,0.0017653504619374871,0.01780572719871998,34.988807678222656,0.8974671959877014,1.7735364565840683e-10,1.0000028396461857e-06,119.99996948242188,0.911357581615448,0.0031121638603508472,0.023641524836421013,32.5264892578125,0.8868700265884399
liver_127,liver_127.nii.gz,64,0,1552036735,0.6573700904846191,0.0004417812451720238,0.00672377273440361,43.44773864746094,0.910201907157898,3.8778891209290123e-10,1.000006818685506e-06,119.99993896484375,0.9150505661964417,0.0012893822276964784,0.011486835777759552,38.795989990234375,0.9008998274803162
liver_127,liver_127.nii.gz,64,1,3785602967,0.6622085571289062,0.0004076979239471257,0.005646372679620981,44.96460723876953,0.9106321334838867,3.548794036412062e-10,1.0000062502513174e-06,119.99993896484375,0.9147565364837646,0.0012069508666172624,0.00971505418419838,40.2510986328125,0.9025471210479736
liver_127,liver_127.nii.gz,64,2,3462085949,0.6726832389831543,0.00041884282836690545,0.006090201437473297,44.30736541748047,0.9103838205337524,3.672152859568456e-10,1.0000063639381551e-06,119.99993896484375,0.9146423935890198,0.001279624761082232,0.010645045898854733,39.45705032348633,0.9016322493553162
liver_127,liver_127.nii.gz,64,3,3634140522,0.6660575866699219,0.0003933936241082847,0.005661510396748781,44.94135284423828,0.9106956720352173,3.5471489634453235e-10,1.0000061365644797e-06,119.99993896484375,0.9149352312088013,0.0011780275963246822,0.00979707669466734,40.178070068359375,0.9022402763366699
liver_127,liver_127.nii.gz,64,4,609142502,0.654451847076416,0.0003331808256916702,0.005065490026026964,45.907569885253906,0.9111340641975403,4.1299585973320063e-10,1.0000071597460192e-06,119.99993133544922,0.9160537123680115,0.0009642088552936912,0.008617219515144825,41.29265594482422,0.9018169641494751
liver_127,liver_127.nii.gz,64,5,1352801601,0.6475062370300293,0.00043159816414117813,0.005860982928425074,44.640586853027344,0.910368800163269,3.620151955985307e-10,1.0000063639381551e-06,119.99993896484375,0.9147631525993347,0.001224412932060659,0.009871763177216053,40.11210632324219,0.9022970199584961
liver_127,liver_127.nii.gz,64,6,2847197917,0.6609811782836914,0.0003275354392826557,0.004838963039219379,46.304954528808594,0.9113742709159851,3.866698627952303e-10,1.0000067049986683e-06,119.99993896484375,0.9158597588539124,0.0009661269141361117,0.008310752920806408,41.60719299316406,0.902629017829895
liver_127,liver_127.nii.gz,64,7,1059577419,0.6648669242858887,0.00034913470153696835,0.005064233671873808,45.909725189208984,0.9111679792404175,3.7466973967781314e-10,1.0000065913118306e-06,119.99993896484375,0.9154979586601257,0.0010417784797027707,0.008747925981879234,41.16189956665039,0.9025780558586121
liver_127,liver_127.nii.gz,128,0,1711796338,0.8691058158874512,7.383085176115856e-05,0.002584081841632724,51.753875732421875,0.9132782816886902,5.520206514120218e-10,1.0000089787354227e-06,119.99992370605469,0.9149458408355713,0.0005640462622977793,0.007142431568354368,42.92308044433594,0.9022078514099121
liver_127,liver_127.nii.gz,128,1,596790309,0.8732476234436035,6.68933498673141e-05,0.0020648480858653784,53.702239990234375,0.9132692813873291,5.428444915800412e-10,1.000008865048585e-06,119.99992370605469,0.914873480796814,0.0005277445307001472,0.005799759645015001,44.73179626464844,0.9022179841995239
liver_127,liver_127.nii.gz,128,2,3029210656,0.8676891326904297,7.094316242728382e-05,0.0022738475818187,52.864776611328125,0.9132668972015381,5.592212248828332e-10,1.0000090924222604e-06,119.99992370605469,0.9149630665779114,0.0005361817893572152,0.006251201964914799,44.08073043823242,0.9021441340446472
liver_127,liver_127.nii.gz,128,3,2771318512,0.8805251121520996,6.180183845572174e-05,0.0021870264317840338,53.202919006347656,0.9132451415061951,5.517159507029135e-10,1.0000089787354227e-06,119.99992370605469,0.9147998094558716,0.0005172748351469636,0.006327259819954634,43.975685119628906,0.9017878770828247
liver_127,liver_127.nii.gz,128,4,3642584037,0.8715043067932129,0.00010522011871216819,0.00313253584317863,50.08207702636719,0.9128528237342834,5.564729788076761e-10,1.0000090924222604e-06,119.99992370605469,0.9147189855575562,0.0008188571664504707,0.008738799020648003,41.170963287353516,0.9001965522766113
liver_127,liver_127.nii.gz,128,5,2517455470,0.8748435974121094,0.00010465518425917253,0.002803720999509096,51.04530334472656,0.9130094051361084,5.270335279305982e-10,1.0000085239880718e-06,119.99992370605469,0.9145025014877319,0.0008361915242858231,0.007925163023173809,42.01983642578125,0.9025737643241882
liver_127,liver_127.nii.gz,128,6,2819600079,0.8793582916259766,6.104106432758272e-05,0.0020398839842528105,53.807891845703125,0.9133379459381104,5.486089915685e-10,1.000008865048585e-06,119.99992370605469,0.9148686528205872,0.0005059657851234078,0.005872955080121756,44.62286376953125,0.9021816253662109
liver_127,liver_127.nii.gz,128,7,4250873739,0.8759565353393555,8.829015860101208e-05,0.0026186536997556686,51.63843536376953,0.9131537675857544,5.526478163986326e-10,1.0000089787354227e-06,119.99992370605469,0.9146771430969238,0.0007117639761418104,0.007435173261910677,42.57417678833008,0.9023975729942322
liver_75,liver_75.nii.gz,4,0,849880499,0.06534147262573242,0.0025864981580525637,0.024836154654622078,32.09831237792969,0.8802738189697266,1.087429950773211e-12,9.999999974752427e-07,120.0,0.8919346928596497,0.0027673188596963882,0.025689631700515747,31.80484390258789,0.8794587254524231
liver_75,liver_75.nii.gz,4,1,2036551330,0.05597209930419922,0.002281489782035351,0.021072307601571083,33.5257568359375,0.8652246594429016,2.1231698690837852e-11,1.0000003385357559e-06,120.0,0.8792631030082703,0.0024167608935385942,0.021688008680939674,33.27560806274414,0.8643922805786133
liver_75,liver_75.nii.gz,4,2,1270315297,0.07246875762939453,0.0024973799008876085,0.023616084828972816,32.53584289550781,0.8783150911331177,1.960962859107185e-12,9.999999974752427e-07,120.0,0.8976402878761292,0.002692502224817872,0.02452130801975727,32.20912551879883,0.8768053650856018
liver_75,liver_75.nii.gz,4,3,1825818021,0.07282209396362305,0.002326336922124028,0.021873030811548233,33.201820373535156,0.8790786862373352,9.757241672611605e-13,9.999999974752427e-07,120.0,0.8970207571983337,0.0025090512353926897,0.022715767845511436,32.873451232910156,0.8776694536209106
liver_75,liver_75.nii.gz,4,4,1462849165,0.07375097274780273,0.002009741961956024,0.02039038948714733,33.81148910522461,0.8840253353118896,3.8537402435867563e-13,9.999999974752427e-07,120.0,0.8978121876716614,0.0021697641350328922,0.021186616271734238,33.47876739501953,0.8829275965690613
liver_75,liver_75.nii.gz,4,5,1422727348,0.07125663757324219,0.002523003378883004,0.021941309794783592,33.174747467041016,0.8614528179168701,2.268539089217425e-12,9.999999974752427e-07,120.0,0.8742386102676392,0.002716577611863613,0.02276746556162834,32.85370635986328,0.8604718446731567
liver_75,liver_75.nii.gz,4,6,1804791062,0.07205677032470703,0.002193918451666832,0.020989427343010902,33.55998611450195,0.8800208568572998,1.1833048646839317e-12,9.999999974752427e-07,120.0,0.892521321773529,0.002364280866459012,0.021789129823446274,33.23520278930664,0.8790502548217773
liver_75,liver_75.nii.gz,4,7,1046550769,0.06884193420410156,0.0017736259615048766,0.01854899898171425,34.63359069824219,0.8850076794624329,3.096409630434782e-12,9.999999974752427e-07,120.0,0.8963702321052551,0.001904752803966403,0.019222451373934746,34.323822021484375,0.8841677904129028
liver_75,liver_75.nii.gz,8,0,3866658614,0.14084386825561523,0.000946889107581228,0.012810534797608852,37.848655700683594,0.8949585556983948,7.031324307515963e-12,1.0000001111620804e-06,120.0,0.8999767303466797,0.001102115260437131,0.013820737600326538,37.18937683105469,0.8941360116004944
liver_75,liver_75.nii.gz,8,1,302677542,0.13619232177734375,0.0009238467318937182,0.013200177811086178,37.588401794433594,0.8936260938644409,1.5513021422997042e-11,1.0000002248489182e-06,120.0,0.8966930508613586,0.0010695051169022918,0.01420271210372448,36.95257568359375,0.8931426405906677
liver_75,liver_75.nii.gz,8,2,1492860688,0.1363072395324707,0.00100467458833009,0.013267445378005505,37.544254302978516,0.8908075094223022,8.64022048352453e-12,1.0000001111620804e-06,120.0,0.8996671438217163,0.0011632314417511225,0.014276036992669106,36.9078483581543,0.8894093036651611
liver_75,liver_75.nii.gz,8,3,3620385305,0.14183950424194336,0.0009229759452864528,0.013309787958860397,37.516578674316406,0.8952244520187378,6.3119500945396645e-12,1.0000001111620804e-06,120.0,0.9019089341163635,0.0010755283292382956,0.01436768751591444,36.85226058959961,0.8941197395324707
liver_75,liver_75.nii.gz,8,4,4292631821,0.1363234519958496,0.0009235661127604544,0.01300163846462965,37.72003936767578,0.8940826654434204,5.303395743394557e-12,9.999999974752427e-07,120.0,0.901331901550293,0.0010693426011130214,0.013990155421197414,37.08354949951172,0.8929385542869568
liver_75,liver_75.nii.gz,8,5,1561840377,0.13797712326049805,0.0008515326771885157,0.011884486302733421,38.50039291381836,0.8957819938659668,5.149713988572557e-12,9.999999974752427e-07,120.0,0.9021843075752258,0.0009878306882455945,0.012800325639545918,37.8555793762207,0.8947573304176331
liver_75,liver_75.nii.gz,8,6,3917883423,0.13431549072265625,0.0012505770428106189,0.01730162464082241,35.23826217651367,0.8896061778068542,1.1856442910795906e-11,1.0000001111620804e-06,120.0,0.8971630930900574,0.001444610650651157,0.018595466390252113,34.61185836791992,0.8884337544441223
liver_75,liver_75.nii.gz,8,7,1790838803,0.1343379020690918,0.001065066666342318,0.015549145638942719,36.165870666503906,0.8934231996536255,2.027920019409546e-11,1.0000003385357559e-06,120.0,0.8998203873634338,0.001230349182151258,0.01671215146780014,35.53935241699219,0.8924305438995361
liver_75,liver_75.nii.gz,16,0,3259909533,0.24977684020996094,0.0004324917681515217,0.00909416750073433,40.82474136352539,0.8997200727462769,3.130003548013072e-11,1.0000004522225936e-06,120.0,0.9028165340423584,0.00057648413348943,0.01049947738647461,39.5766487121582,0.8986892104148865
liver_75,liver_75.nii.gz,16,1,2680527623,0.2442169189453125,0.000378357624867931,0.0077622863464057446,42.2002067565918,0.9005642533302307,3.214954344410437e-11,1.0000004522225936e-06,120.0,0.9046342968940735,0.0005006166757084429,0.008928759023547173,40.98417663574219,0.8992493152618408
liver_75,liver_75.nii.gz,16,2,3979508819,0.25924062728881836,0.0007629198953509331,0.012296454980969429,38.20439910888672,0.8966870903968811,2.2204406716075376e-11,1.0000003385357559e-06,120.0,0.9027923941612244,0.0010299159912392497,0.014287009835243225,36.90117263793945,0.894550621509552
liver_75,liver_75.nii.gz,16,3,560948943,0.2621159553527832,0.0007546714041382074,0.012660625390708447,37.950897216796875,0.8967021703720093,2.6894585516967773e-11,1.0000004522225936e-06,120.0,0.9028394222259521,0.0010227506281808019,0.014738764613866806,36.63077926635742,0.8945221900939941
liver_75,liver_75.nii.gz,16,4,1706713989,0.2482442855834961,0.0007499411003664136,0.012699022889137268,37.92459487915039,0.896865725517273,2.7799819737883702e-11,1.0000004522225936e-06,120.0,0.903569757938385,0.0009975861757993698,0.014646435156464577,36.68536376953125,0.8946521282196045
liver_75,liver_75.nii.gz,16,5,48819049,0.24942684173583984,0.00036302313674241304,0.006994267459958792,43.10515594482422,0.9009060859680176,2.2798629303877327e-11,1.0000003385357559e-06,120.0,0.9050285220146179,0.00048366119153797626,0.008073200471699238,41.85908889770508,0.8995364308357239
liver_75,liver_75.nii.gz,16,6,687832872,0.25655508041381836,0.000660440418869257,0.011210916563868523,39.007179260253906,0.8979061841964722,1.9755671057386515e-11,1.0000003385357559e-06,120.0,0.902797520160675,0.0008883515256457031,0.01300219725817442,37.71966552734375,0.8962184190750122
liver_75,liver_75.nii.gz,16,7,2257998517,0.24991416931152344,0.0005957442917861044,0.00994152296334505,40.050941467285156,0.8986991047859192,2.1961561041949906e-11,1.0000003385357559e-06,120.0,0.9028022289276123,0.0007942348020151258,0.01147882454097271,38.80205154418945,0.8973322510719299
liver_75,liver_75.nii.gz,32,0,4257552777,0.4311337471008301,0.000320932682370767,0.008144397288560867,41.78282165527344,0.9009436368942261,5.276185391367427e-11,1.0000009069699445e-06,119.99999237060547,0.904395341873169,0.0005641618627123535,0.010798262432217598,39.33292007446289,0.8983278870582581
liver_75,liver_75.nii.gz,32,1,1101236214,0.42472028732299805,0.0002298564650118351,0.005627022124826908,44.99442672729492,0.9019407629966736,4.4803997317766076e-11,1.0000007932831068e-06,119.99999237060547,0.904467761516571,0.0003995560109615326,0.007418892811983824,42.59321594238281,0.9000753164291382
liver_75,liver_75.nii.gz,32,2,246265306,0.4370856285095215,0.00015736781642772257,0.0041716923005878925,47.59375762939453,0.9025899171829224,4.9099519588979845e-11,1.0000007932831068e-06,119.99999237060547,0.9048928022384644,0.00027955902623943985,0.005560208112001419,45.098182678222656,0.900801956653595
liver_75,liver_75.nii.gz,32,3,2870584446,0.4401717185974121,0.00020136675448156893,0.0058145588263869286,44.70966339111328,0.9020609855651855,5.306171127483772e-11,1.0000009069699445e-06,119.99999237060547,0.9046959280967712,0.0003596937458496541,0.00777122238650918,42.19021224975586,0.8999894857406616
liver_75,liver_75.nii.gz,32,4,2717012338,0.43473291397094727,0.00019970745779573917,0.005070516373962164,45.898956298828125,0.9022279977798462,4.416653848204888e-11,1.0000007932831068e-06,119.99999237060547,0.9046798348426819,0.00035329745151102543,0.0067441207356750965,43.42149353027344,0.9003427624702454
liver_75,liver_75.nii.gz,32,5,3388479476,0.43947601318359375,0.0002355277247261256,0.0058594089932739735,44.64292526245117,0.9019725918769836,4.706187869962797e-11,1.0000007932831068e-06,119.99999237060547,0.9043068289756775,0.00042019199463538826,0.00782630406320095,42.128868103027344,0.9001428484916687
liver_75,liver_75.nii.gz,32,6,1364935475,0.41713380813598633,0.0001802670449251309,0.004643335938453674,46.66339874267578,0.9025332927703857,5.0022125330784206e-11,1.0000009069699445e-06,119.99999237060547,0.9048895239830017,0.00030927686020731926,0.006081989500671625,44.31908416748047,0.9008474349975586
liver_75,liver_75.nii.gz,32,7,1102214255,0.43258094787597656,0.00021899683633819222,0.0054584103636443615,45.25867462158203,0.9021146297454834,5.252626111840186e-11,1.0000009069699445e-06,119.99999237060547,0.9046068787574768,0.0003859525022562593,0.007246265187859535,42.7977180480957,0.9002149701118469
liver_75,liver_75.nii.gz,64,0,1520369333,0.6627197265625,0.00011417396308388561,0.004607845563441515,46.73004150390625,0.9028051495552063,9.42609740262057e-11,1.000001930151484e-06,119.99998474121094,0.9043616056442261,0.00033851340413093567,0.007934186607599258,42.00994873046875,0.8997474312782288
liver_75,liver_75.nii.gz,64,1,690994859,0.6606354713439941,4.3832336814375594e-05,0.002103748032823205,53.540122985839844,0.9034234881401062,1.1237371450034672e-10,1.0000023848988349e-06,119.99998474121094,0.9048131108283997,0.00012915981642436236,0.0036112742964178324,48.84678649902344,0.9007189869880676
liver_75,liver_75.nii.gz,64,2,3247007407,0.6556692123413086,5.8424644521437585e-05,0.002622063737362623,51.62713623046875,0.9033153057098389,1.184922437946767e-10,1.0000024985856726e-06,119.99998474121094,0.9047282934188843,0.00016967570991255343,0.004468434024602175,46.99689483642578,0.9006256461143494
liver_75,liver_75.nii.gz,64,3,1465601181,0.6659321784973145,7.237694080686197e-05,0.0030834204517304897,50.21934509277344,0.9031463861465454,9.473077183796974e-11,1.0000020438383217e-06,119.99998474121094,0.9044976234436035,0.00021665323583874851,0.005334766581654549,45.45769119262695,0.9004534482955933
liver_75,liver_75.nii.gz,64,4,3529546263,0.6562600135803223,2.957405013148673e-05,0.0015812512720003724,56.019981384277344,0.9035234451293945,1.2801010251806133e-10,1.0000026122725103e-06,119.99998474121094,0.9050710797309875,8.603586320532486e-05,0.002697030082345009,51.382286071777344,0.9005692601203918
liver_75,liver_75.nii.gz,64,5,1588156196,0.6580710411071777,3.6180899769533426e-05,0.001812472939491272,54.834571838378906,0.9034873247146606,1.0903920821814239e-10,1.0000022712119971e-06,119.99998474121094,0.904879093170166,0.00010581388050923124,0.0030995849519968033,50.17393112182617,0.900809109210968
liver_75,liver_75.nii.gz,64,6,2598462814,0.6698422431945801,5.9793281252495944e-05,0.002696802606806159,51.383018493652344,0.9032489061355591,9.09261693715635e-11,1.000001930151484e-06,119.99998474121094,0.9044051766395569,0.00018110503151547164,0.004693408962339163,46.57023620605469,0.9009033441543579
liver_75,liver_75.nii.gz,64,7,2428658830,0.654578685760498,3.2179093977902085e-05,0.0018007929902523756,54.890724182128906,0.9034907817840576,1.176836406102666e-10,1.0000023848988349e-06,119.99998474121094,0.9049119353294373,9.315874194726348e-05,0.0030640028417110443,50.27421569824219,0.9007983207702637
liver_75,liver_75.nii.gz,128,0,2391876872,0.8571529388427734,2.0379936813696986e-06,0.000325928587699309,69.737548828125,0.9036612510681152,1.316774883575178e-10,1.0000023848988349e-06,119.99998474121094,0.9042235016822815,1.4266174730437342e-05,0.000862352957483381,61.28629684448242,0.9002885818481445
liver_75,liver_75.nii.gz,128,1,3881446092,0.874321460723877,6.383012078003958e-06,0.0007247633766382933,62.79607391357422,0.9036335945129395,1.0817070156265984e-10,1.0000020438383217e-06,119.99998474121094,0.9040647149085999,5.0787657528417185e-05,0.0020443974062800407,53.7886962890625,0.900635302066803
liver_75,liver_75.nii.gz,128,2,2246699094,0.8702802658081055,1.5954970876919106e-05,0.0011742645874619484,58.604679107666016,0.9035832285881042,1.1287125400993858e-10,1.0000021575251594e-06,119.99998474121094,0.9040278196334839,0.00012299495574552566,0.003260339144617319,49.734745025634766,0.9006008505821228
liver_75,liver_75.nii.gz,128,3,3163430001,0.879425048828125,7.834465577616356e-06,0.0009410824277438223,60.52745056152344,0.9036123752593994,1.161084214884589e-10,1.0000021575251594e-06,119.99998474121094,0.9040542840957642,6.497505091829225e-05,0.002710184780880809,51.340023040771484,0.9003906846046448
liver_75,liver_75.nii.gz,128,4,4021628736,0.8633871078491211,8.706459084351081e-06,0.0009954816196113825,60.03933334350586,0.9035798907279968,1.2345929834012281e-10,1.0000023848988349e-06,119.99998474121094,0.9040886759757996,6.37300981907174e-05,0.0026933152694255114,51.394256591796875,0.9003654718399048
liver_75,liver_75.nii.gz,128,5,1258437053,0.8745970726013184,4.92867593493429e-06,0.0006036387640051544,64.38445281982422,0.9036397933959961,1.2305859109495998e-10,1.0000022712119971e-06,119.99998474121094,0.9041118621826172,3.9301859942497686e-05,0.0017046011053025723,55.36754608154297,0.9003488421440125
liver_75,liver_75.nii.gz,128,6,186492176,0.8696718215942383,1.703887937765103e-05,0.0013671349734067917,57.283775329589844,0.9035699367523193,1.1365378083105782e-10,1.0000021575251594e-06,119.99998474121094,0.9040042161941528,0.00013073750596959144,0.0037869722582399845,48.43415832519531,0.9006731510162354
liver_75,liver_75.nii.gz,128,7,3731003131,0.878685474395752,2.285397749801632e-05,0.0015763714909553528,56.04682922363281,0.9035417437553406,1.0014395562807366e-10,1.000001930151484e-06,119.99998474121094,0.9038993120193481,0.00018838542746379972,0.0045258705504238605,46.885955810546875,0.9009524583816528
liver_86,liver_86.nii.gz,4,0,2826735396,0.07050704956054688,0.011464107781648636,0.05606246739625931,25.026554107666016,0.8288155794143677,5.441910810866091e-12,9.999999974752427e-07,120.0,0.8596927523612976,0.012333721853792667,0.058149926364421844,24.709016799926758,0.8264734148979187
liver_86,liver_86.nii.gz,4,1,438334150,0.0682973861694336,0.01185857504606247,0.05547761172056198,25.117645263671875,0.825893759727478,2.704951497164987e-12,9.999999974752427e-07,120.0,0.8636823296546936,0.01272785384207964,0.0574750117957592,24.8104190826416,0.8231238126754761
liver_86,liver_86.nii.gz,4,2,267331504,0.07581710815429688,0.010131565853953362,0.04963932931423187,26.083480834960938,0.8279625177383423,3.936155654887807e-12,9.999999974752427e-07,120.0,0.8655585646629333,0.010962728410959244,0.05163532868027687,25.74106216430664,0.8248782157897949
liver_86,liver_86.nii.gz,4,3,2631304249,0.07493305206298828,0.010169223882257938,0.04985431954264641,26.045944213867188,0.82958984375,1.1378840578113447e-12,9.999999974752427e-07,120.0,0.8680024147033691,0.010992960073053837,0.05183417722582817,25.70767593383789,0.8264782428741455
liver_86,liver_86.nii.gz,4,4,2025698344,0.07652568817138672,0.010218759067356586,0.05019150674343109,25.987394332885742,0.8301640748977661,5.571013485597409e-13,9.999999974752427e-07,120.0,0.8699831962585449,0.011065558530390263,0.052229736000299454,25.641643524169922,0.8268643021583557
liver_86,liver_86.nii.gz,4,5,557162189,0.07108354568481445,0.009211922064423561,0.04638993367552757,26.671524047851562,0.8290137648582458,1.3756832478728498e-11,1.0000002248489182e-06,120.0,0.8343765139579773,0.009916846640408039,0.048132169991731644,26.35129165649414,0.8286033868789673
liver_86,liver_86.nii.gz,4,6,1252073932,0.07442426681518555,0.009020272642374039,0.04549873247742653,26.840015411376953,0.8323003053665161,5.728314957792469e-13,9.999999974752427e-07,120.0,0.8608569502830505,0.009745580144226551,0.04729261249303818,26.504133224487305,0.830004096031189
liver_86,liver_86.nii.gz,4,7,2796235546,0.06922149658203125,0.015897847712039948,0.07088178396224976,22.989307403564453,0.8131304979324341,4.362527266515981e-12,9.999999974752427e-07,120.0,0.8659030795097351,0.017080161720514297,0.07347024232149124,22.67776870727539,0.8092058897018433
liver_86,liver_86.nii.gz,8,0,1908728855,0.1432170867919922,0.005990789271891117,0.03486667573451996,29.151790618896484,0.8578981757164001,2.505455738710527e-11,1.0000003385357559e-06,120.0,0.8827266693115234,0.006992190610617399,0.037668224424123764,28.48049545288086,0.8537480235099792
liver_86,liver_86.nii.gz,8,1,755216049,0.13846731185913086,0.006519847549498081,0.037803102284669876,28.44944953918457,0.8543845415115356,1.7730879264821198e-11,1.0000002248489182e-06,120.0,0.8794478178024292,0.0075677307322621346,0.04072785750031471,27.802169799804688,0.8503562808036804
liver_86,liver_86.nii.gz,8,2,105373251,0.1405186653137207,0.006137830205261707,0.034883953630924225,29.14748764038086,0.8552526235580444,9.316734016218131e-12,1.0000001111620804e-06,120.0,0.8845494985580444,0.007141318637877703,0.0376276820898056,28.489849090576172,0.8504626750946045
liver_86,liver_86.nii.gz,8,3,3801643724,0.14134502410888672,0.007192019838839769,0.04030175507068634,27.893522262573242,0.8479683995246887,2.471565313522106e-11,1.0000003385357559e-06,120.0,0.8860136270523071,0.008375913836061954,0.04349252209067345,27.231708526611328,0.8417057394981384
liver_86,liver_86.nii.gz,8,4,3074962079,0.1354823112487793,0.006500822491943836,0.037197571247816086,28.58970832824707,0.8535513877868652,1.6841536845668692e-11,1.0000002248489182e-06,120.0,0.885880172252655,0.007519594393670559,0.040006231516599655,27.957447052001953,0.8484851121902466
liver_86,liver_86.nii.gz,8,5,4175527404,0.1286020278930664,0.005771733820438385,0.03312551602721214,29.59674644470215,0.8591897487640381,2.4231141398933786e-11,1.0000003385357559e-06,120.0,0.8813574314117432,0.006623533554375172,0.035485781729221344,28.998910903930664,0.8559181690216064
liver_86,liver_86.nii.gz,8,6,1136727406,0.13724184036254883,0.006843826733529568,0.03929360583424568,28.113563537597656,0.8518333435058594,1.891495640671259e-11,1.0000002248489182e-06,120.0,0.8838538527488708,0.007932497188448906,0.042303603142499924,27.472454071044922,0.8467397689819336
liver_86,liver_86.nii.gz,8,7,2243851972,0.12452840805053711,0.00681912200525403,0.03869640454649925,28.24658966064453,0.8521721363067627,6.675331121197559e-11,1.0000010206567822e-06,119.99999237060547,0.8827071189880371,0.00778908422216773,0.04135705158114433,27.669008255004883,0.8478288650512695
liver_86,liver_86.nii.gz,16,0,1208847984,0.26335763931274414,0.004370787180960178,0.02910001017153263,30.722137451171875,0.8748234510421753,5.151437262873593e-11,1.0000007932831068e-06,119.99999237060547,0.8992582559585571,0.0059333909302949905,0.03390508145093918,29.394702911376953,0.8660879135131836
liver_86,liver_86.nii.gz,16,1,1429493074,0.25101661682128906,0.0032987238373607397,0.021310849115252495,33.42798614501953,0.8824074864387512,5.808415207142481e-11,1.0000009069699445e-06,119.99999237060547,0.8996145129203796,0.004404268227517605,0.02462434396147728,32.172706604003906,0.876640796661377
liver_86,liver_86.nii.gz,16,2,1021045444,0.25542736053466797,0.003105045296251774,0.01949288137257099,34.20248031616211,0.8845676183700562,5.72440359003501e-11,1.0000009069699445e-06,119.99999237060547,0.8993101119995117,0.0041702380403876305,0.02259032614529133,32.92155075073242,0.879510223865509
liver_86,liver_86.nii.gz,16,3,1303880696,0.25459718704223633,0.003073119791224599,0.02155163511633873,33.33039474487305,0.885662317276001,7.825850384390876e-11,1.00000113434362e-06,119.99999237060547,0.8992217779159546,0.004122763406485319,0.024962307885289192,32.05430603027344,0.8810312151908875
liver_86,liver_86.nii.gz,16,4,4017560006,0.24651670455932617,0.0029385965317487717,0.019366806373000145,34.25883865356445,0.8871932625770569,5.913203260377031e-11,1.0000009069699445e-06,119.99999237060547,0.9004448652267456,0.0039000154938548803,0.02231111004948616,33.02957534790039,0.8828577995300293
liver_86,liver_86.nii.gz,16,5,3168665474,0.24872159957885742,0.004813091363757849,0.03167526423931122,29.985595703125,0.8701266646385193,7.14875589280517e-11,1.00000113434362e-06,119.99999237060547,0.8976136445999146,0.006406534928828478,0.0365443117916584,28.743606567382812,0.8610267639160156
liver_86,liver_86.nii.gz,16,6,3084887894,0.25905704498291016,0.0034525622613728046,0.02338874153792858,32.6198616027832,0.8815211057662964,6.514652706179902e-11,1.0000010206567822e-06,119.99999237060547,0.9010933637619019,0.004659687168896198,0.027171552181243896,31.317710876464844,0.8746780753135681
liver_86,liver_86.nii.gz,16,7,2496942145,0.25255918502807617,0.003553392831236124,0.023670269176363945,32.51593780517578,0.880856990814209,6.02399935489828e-11,1.0000009069699445e-06,119.99999237060547,0.898934543132782,0.0047540790401399136,0.02737882360816002,31.251705169677734,0.8747485876083374
liver_86,liver_86.nii.gz,32,0,1193688669,0.43926572799682617,0.0016947221010923386,0.013458198867738247,37.42026138305664,0.9000510573387146,1.6136206260064512e-10,1.0000024985856726e-06,119.99998474121094,0.9095239043235779,0.003022326622158289,0.017972495406866074,34.907833099365234,0.8926305174827576
liver_86,liver_86.nii.gz,32,1,963623502,0.43372678756713867,0.0015709686558693647,0.012153261341154575,38.30614471435547,0.9012809991836548,1.449248776541623e-10,1.0000023848988349e-06,119.99998474121094,0.9094911217689514,0.002774223918095231,0.016150271520018578,35.836402893066406,0.8949927687644958
liver_86,liver_86.nii.gz,32,2,1299407621,0.42432308197021484,0.0016182893887162209,0.013636184856295586,37.3061408996582,0.9009090662002563,1.795202042575994e-10,1.0000028396461857e-06,119.99996948242188,0.9112964272499084,0.002811106853187084,0.017972292378544807,34.907928466796875,0.8932529091835022
liver_86,liver_86.nii.gz,32,3,1783246428,0.42844724655151367,0.0015511702513322234,0.012768560089170933,37.87716293334961,0.9013724327087402,1.6815657200019984e-10,1.0000026122725103e-06,119.99998474121094,0.9109909534454346,0.0027139580342918634,0.016889382153749466,35.447723388671875,0.8941624760627747
liver_86,liver_86.nii.gz,32,4,3580047167,0.4054598808288574,0.0022044205106794834,0.018394239246845245,34.706363677978516,0.8954192399978638,1.7987515643635987e-10,1.0000028396461857e-06,119.99996948242188,0.9087123870849609,0.00370777421630919,0.023855648934841156,32.44817352294922,0.8863537907600403
liver_86,liver_86.nii.gz,32,5,520139993,0.44046449661254883,0.001418766099959612,0.011806881055235863,38.55729675292969,0.9026294946670532,1.7393930740183805e-10,1.000002725959348e-06,119.99996948242188,0.9111235737800598,0.002535613952204585,0.01578415557742119,36.03557205200195,0.8959431648254395
liver_86,liver_86.nii.gz,32,6,4241830129,0.43411827087402344,0.001496816985309124,0.011888490058481693,38.497467041015625,0.902068555355072,1.6530342372700346e-10,1.0000026122725103e-06,119.99998474121094,0.9102367758750916,0.0026451055891811848,0.015803884714841843,36.024723052978516,0.8958024978637695
liver_86,liver_86.nii.gz,32,7,241655575,0.4409756660461426,0.0014208947541192174,0.011920963414013386,38.47377395629883,0.9027873873710632,1.6274968872576068e-10,1.0000026122725103e-06,119.99998474121094,0.9110445380210876,0.0025417401921004057,0.01594395376741886,35.94807815551758,0.8962740898132324
liver_86,liver_86.nii.gz,64,0,3420700620,0.6695661544799805,0.000533539685420692,0.006530472543090582,43.70111083984375,0.9108283519744873,3.649596735932903e-10,1.0000063639381551e-06,119.99993896484375,0.9152746796607971,0.0016146634006872773,0.011360627599060535,38.89195251464844,0.9018191695213318
liver_86,liver_86.nii.gz,64,1,3308418451,0.6688404083251953,0.0006515517015941441,0.007040746510028839,43.04762268066406,0.9096119403839111,3.517909574757283e-10,1.0000061365644797e-06,119.99993896484375,0.9139735102653503,0.0019674845971167088,0.012234889902174473,38.24799728393555,0.9008033275604248
liver_86,liver_86.nii.gz,64,2,3967917795,0.6571965217590332,0.000669146713335067,0.007520181592553854,42.475433349609375,0.9095847606658936,3.7057537594087364e-10,1.0000065913118306e-06,119.99993896484375,0.9143161177635193,0.0019519826164469123,0.012844160199165344,37.82588577270508,0.900514543056488
liver_86,liver_86.nii.gz,64,3,887755184,0.6719064712524414,0.0006701311795040965,0.007481817156076431,42.519859313964844,0.9093532562255859,3.4402652948628543e-10,1.000006022877642e-06,119.99995422363281,0.9140191674232483,0.0020424998365342617,0.01306195743381977,37.679832458496094,0.8997984528541565
liver_86,liver_86.nii.gz,64,4,3433224678,0.6676778793334961,0.000620719394646585,0.006991848815232515,43.108158111572266,0.9099401831626892,3.456788189026838e-10,1.000006022877642e-06,119.99995422363281,0.9145147800445557,0.0018678237684071064,0.012128648348152637,38.323753356933594,0.9007497429847717
liver_86,liver_86.nii.gz,64,5,1730196265,0.673738956451416,0.0005471711046993732,0.006903278175741434,43.218894958496094,0.9106768369674683,3.55919099748192e-10,1.0000061365644797e-06,119.99993896484375,0.9151552319526672,0.001677095191553235,0.012085726484656334,38.35454559326172,0.9014291167259216
liver_86,liver_86.nii.gz,64,6,3228810799,0.6740727424621582,0.0005209995433688164,0.0067227971740067005,43.44900131225586,0.9108145236968994,4.0707212600743503e-10,1.0000070460591814e-06,119.99993896484375,0.9154198169708252,0.0015985139179974794,0.011775780469179153,38.580204010009766,0.9012905359268188
liver_86,liver_86.nii.gz,64,7,118444111,0.6656785011291504,0.0006387221510522068,0.007176253478974104,42.88204574584961,0.9098131060600281,3.5337335835272654e-10,1.0000061365644797e-06,119.99993896484375,0.9144405126571655,0.0019105022074654698,0.012411252595484257,38.123687744140625,0.9005998969078064
liver_86,liver_86.nii.gz,128,0,661430004,0.8766193389892578,0.0001199235994135961,0.0030420045368373394,50.3368034362793,0.9140033721923828,5.809176473192679e-10,1.0000094334827736e-06,119.99991607666016,0.9156412482261658,0.0009719763183966279,0.008660366758704185,41.24927520751953,0.902366578578949
liver_86,liver_86.nii.gz,128,1,278344158,0.8775796890258789,0.0001005616140901111,0.002908862428739667,50.72553634643555,0.9141790270805359,5.879978726142099e-10,1.0000095471696113e-06,119.99991607666016,0.9158010482788086,0.0008214412955567241,0.0083137396723032,41.60407257080078,0.9025519490242004
liver_86,liver_86.nii.gz,128,2,641714481,0.8750677108764648,0.00014369240670930594,0.003456725971773267,49.22669982910156,0.9138723611831665,5.473886899309832e-10,1.000008865048585e-06,119.99992370605469,0.9154371023178101,0.001150158466771245,0.009779746644198895,40.19344711303711,0.9029130339622498
liver_86,liver_86.nii.gz,128,3,908417019,0.8736324310302734,8.562835864722729e-05,0.0026179850101470947,51.64065933227539,0.9143316745758057,6.26764862232676e-10,1.0000102292906377e-06,119.99991607666016,0.9161038398742676,0.0006776090012863278,0.007364602759480476,42.657012939453125,0.9020801186561584
liver_86,liver_86.nii.gz,128,4,1390586262,0.8700733184814453,7.388697849819437e-05,0.0022719476837664843,52.872032165527344,0.9143872857093811,6.218408010738585e-10,1.0000101156038e-06,119.99991607666016,0.9162194132804871,0.0005686779622919858,0.006303026340901852,44.00901794433594,0.9021188020706177
liver_86,liver_86.nii.gz,128,5,1859048630,0.876701831817627,9.173818398267031e-05,0.0027383542619645596,51.25020980834961,0.914293110370636,5.923563861642833e-10,1.000009660856449e-06,119.99991607666016,0.9159316420555115,0.0007440310437232256,0.007798503618687391,42.15977478027344,0.9026432633399963
liver_86,liver_86.nii.gz,128,6,1313223898,0.8758440017700195,0.00011982260184595361,0.0030195957515388727,50.401023864746094,0.9140289425849915,5.8497268140556e-10,1.0000095471696113e-06,119.99991607666016,0.9156986474990845,0.0009650930296629667,0.008569685742259026,41.34070587158203,0.9022514820098877
liver_86,liver_86.nii.gz,128,7,3826245095,0.8701467514038086,0.00014494548668153584,0.003699805121868849,48.63642120361328,0.9137527346611023,5.740226072248333e-10,1.0000094334827736e-06,119.99991607666016,0.9155491590499878,0.0011162215378135443,0.010267209261655807,39.77095031738281,0.9017148017883301
liver_7,liver_7.nii.gz,4,0,2194791082,0.06919527053833008,0.01100831851363182,0.054068673402071,25.341087341308594,0.830905556678772,5.339703505746751e-12,9.999999974752427e-07,120.0,0.8721296787261963,0.011826667934656143,0.05604236200451851,25.02967071533203,0.8278409838676453
liver_7,liver_7.nii.gz,4,1,1317062840,0.07100343704223633,0.009471768513321877,0.04872141778469086,26.245601654052734,0.8352988958358765,7.805584303910429e-12,1.0000001111620804e-06,120.0,0.8672783970832825,0.010195697657763958,0.05054903402924538,25.925743103027344,0.8328548073768616
liver_7,liver_7.nii.gz,4,2,2575165188,0.07367992401123047,0.008334164507687092,0.04258330911397934,27.415210723876953,0.8345261812210083,3.471710766089764e-12,9.999999974752427e-07,120.0,0.8601498603820801,0.00899706780910492,0.04424445703625679,27.082822799682617,0.8324880003929138
liver_7,liver_7.nii.gz,4,3,3002642838,0.07485389709472656,0.007690204307436943,0.04108922928571701,27.725439071655273,0.839449405670166,9.492394934321191e-13,9.999999974752427e-07,120.0,0.8709882497787476,0.008312421850860119,0.042719174176454544,27.387542724609375,0.8368974328041077
liver_7,liver_7.nii.gz,4,4,2324253910,0.06691503524780273,0.008139734156429768,0.043026842176914215,27.325210571289062,0.8414992690086365,1.9113445635238202e-12,9.999999974752427e-07,120.0,0.8596627116203308,0.008723464794456959,0.04454294219613075,27.02442169189453,0.8401966691017151
liver_7,liver_7.nii.gz,4,5,4249912713,0.07348918914794922,0.011721653863787651,0.057352907955646515,24.82889175415039,0.8303793668746948,1.2931846565811256e-11,1.0000002248489182e-06,120.0,0.8660537004470825,0.012651395052671432,0.05958407372236252,24.49739646911621,0.8275498747825623
liver_7,liver_7.nii.gz,4,6,3822599791,0.06963777542114258,0.006955007556825876,0.03656614199280739,28.738418579101562,0.8415607213973999,2.346784225282228e-12,9.999999974752427e-07,120.0,0.8607452511787415,0.007475591264665127,0.037909939885139465,28.424938201904297,0.840124785900116
liver_7,liver_7.nii.gz,4,7,2851208138,0.07046175003051758,0.011610446497797966,0.05635521933436394,24.9813175201416,0.8287477493286133,7.15970512044084e-12,1.0000001111620804e-06,120.0,0.8727768063545227,0.012490552850067616,0.05845215171575546,24.663990020751953,0.8254102468490601
liver_7,liver_7.nii.gz,8,0,2732524061,0.13666105270385742,0.004035773687064648,0.02474226802587509,32.13121032714844,0.871270477771759,1.6742579544981595e-11,1.0000002248489182e-06,120.0,0.88566654920578,0.004674611147493124,0.026628630235791206,31.493022918701172,0.8689916729927063
liver_7,liver_7.nii.gz,8,1,4292385627,0.13770294189453125,0.004924622364342213,0.030812589451670647,30.22543716430664,0.863584578037262,1.8488809441774556e-11,1.0000002248489182e-06,120.0,0.8860253691673279,0.00571105070412159,0.03318178653717041,29.58200454711914,0.8600009679794312
liver_7,liver_7.nii.gz,8,2,4103121648,0.13500118255615234,0.005351024679839611,0.032797619700431824,29.68315315246582,0.8609015941619873,2.999405585013548e-11,1.0000004522225936e-06,120.0,0.8850424885749817,0.006186163984239101,0.03526424244046211,29.053308486938477,0.8571339249610901
liver_7,liver_7.nii.gz,8,3,135747215,0.12452459335327148,0.005761657375842333,0.035311952233314514,29.04156494140625,0.8600974678993225,2.7050658588101406e-11,1.0000003385357559e-06,120.0,0.8824939131736755,0.006581175606697798,0.03773981332778931,28.464004516601562,0.8569119572639465
liver_7,liver_7.nii.gz,8,4,2794627436,0.13625240325927734,0.004286208190023899,0.026787979528307915,31.441200256347656,0.8687756657600403,1.1733526476820355e-11,1.0000001111620804e-06,120.0,0.8863340020179749,0.004962338600307703,0.02882348746061325,30.805070877075195,0.8660061359405518
liver_7,liver_7.nii.gz,8,5,1308686642,0.12600421905517578,0.004906810820102692,0.030486920848488808,30.31772804260254,0.8664891719818115,2.4374747012445575e-11,1.0000003385357559e-06,120.0,0.886700451374054,0.005614227149635553,0.03261060640215874,29.732820510864258,0.8635753393173218
liver_7,liver_7.nii.gz,8,6,3623015652,0.13755083084106445,0.004203165881335735,0.025623004883527756,31.82740020751953,0.8697468042373657,1.52484240512063e-11,1.0000002248489182e-06,120.0,0.8863848447799683,0.004873523022979498,0.027590738609433174,31.18473243713379,0.8670931458473206
liver_7,liver_7.nii.gz,8,7,2829351302,0.13524866104125977,0.00482775317505002,0.030046796426177025,30.444034576416016,0.8652257919311523,2.458686032547064e-11,1.0000003385357559e-06,120.0,0.8798410892486572,0.005582822486758232,0.03231116011738777,29.81294822692871,0.8629401326179504
liver_7,liver_7.nii.gz,16,0,4169354503,0.24619436264038086,0.0025452072732150555,0.018028272315859795,34.880916595458984,0.8877926468849182,5.35645278132435e-11,1.0000007932831068e-06,119.99999237060547,0.9001871347427368,0.0033764769323170185,0.020764639601111412,33.65351104736328,0.8837447166442871
liver_7,liver_7.nii.gz,16,1,3761769107,0.2451930046081543,0.0027483743615448475,0.019557951018214226,34.17353439331055,0.8859612941741943,6.55453538667139e-11,1.0000010206567822e-06,119.99999237060547,0.9014145731925964,0.003641161834821105,0.022511549293994904,32.9518928527832,0.8809415102005005
liver_7,liver_7.nii.gz,16,2,3512185270,0.24063348770141602,0.0024964986369013786,0.01726294308900833,35.25770568847656,0.8882792592048645,6.932114604563111e-11,1.0000010206567822e-06,119.99999237060547,0.9012081027030945,0.0032876068726181984,0.019810210913419724,34.062217712402344,0.8841824531555176
liver_7,liver_7.nii.gz,16,3,2724597903,0.2564244270324707,0.0024190163239836693,0.017164990305900574,35.30712890625,0.8889590501785278,5.729140425958512e-11,1.0000009069699445e-06,119.99999237060547,0.9010680913925171,0.0032532219775021076,0.01990586332976818,34.02037811279297,0.8847833871841431
liver_7,liver_7.nii.gz,16,4,4086901721,0.2455739974975586,0.0022181905806064606,0.015165789052844048,36.38269805908203,0.891592264175415,7.721478317845865e-11,1.00000113434362e-06,119.99999237060547,0.902754545211792,0.0029402361251413822,0.017460500821471214,35.15886688232422,0.8879588842391968
liver_7,liver_7.nii.gz,16,5,2777503653,0.24974441528320312,0.0027705312240868807,0.019244397059082985,34.31391525268555,0.8851393461227417,5.949100240210115e-11,1.0000009069699445e-06,119.99999237060547,0.9019414186477661,0.0036927831824868917,0.022217730060219765,33.06600570678711,0.8795464634895325
liver_7,liver_7.nii.gz,16,6,3506100114,0.2530641555786133,0.0030714976601302624,0.022390738129615784,32.99863052368164,0.8839982151985168,5.3778422687278393e-11,1.0000007932831068e-06,119.99999237060547,0.9010046720504761,0.004112130496650934,0.025907574221491814,31.731464385986328,0.8782364726066589
liver_7,liver_7.nii.gz,16,7,2385895478,0.2554965019226074,0.002604606095701456,0.017414603382349014,35.18172836303711,0.8871022462844849,5.877223013817101e-11,1.0000009069699445e-06,119.99999237060547,0.9017983675003052,0.00349844666197896,0.020182743668556213,33.90039825439453,0.8820590376853943
liver_7,liver_7.nii.gz,32,0,3338292549,0.42720746994018555,0.001232838723808527,0.010828371159732342,39.30873489379883,0.9028186202049255,1.5705341194216516e-10,1.0000024985856726e-06,119.99998474121094,0.9107419848442078,0.0021523302420973778,0.01430752407759428,36.888710021972656,0.896909236907959
liver_7,liver_7.nii.gz,32,1,3516821528,0.4231882095336914,0.0012431524228304625,0.010431556962430477,39.633018493652344,0.9021740555763245,1.510141456328995e-10,1.0000023848988349e-06,119.99998474121094,0.9106460213661194,0.0021552131511271,0.013735108077526093,37.24335861206055,0.895958662033081
liver_7,liver_7.nii.gz,32,2,2577956089,0.4064669609069824,0.001472964184358716,0.011881174519658089,38.502811431884766,0.8999332189559937,1.7695354903590754e-10,1.0000028396461857e-06,119.99996948242188,0.9093641042709351,0.0024816885124891996,0.015421866439282894,36.23726272583008,0.8934749960899353
liver_7,liver_7.nii.gz,32,3,2888174182,0.4279623031616211,0.0013410837855190039,0.011792052537202835,38.56821060180664,0.9013552069664001,1.4441045581570222e-10,1.0000022712119971e-06,119.99998474121094,0.9101417660713196,0.0023443973623216152,0.015591111965477467,36.142459869384766,0.8947818875312805
liver_7,liver_7.nii.gz,32,4,2691049853,0.42738866806030273,0.001308758626691997,0.010763907805085182,39.360599517822266,0.9015910029411316,1.482383799045195e-10,1.0000023848988349e-06,119.99998474121094,0.910109281539917,0.0022855966817587614,0.014224598184227943,36.9391975402832,0.8952332139015198
liver_7,liver_7.nii.gz,32,5,3317479205,0.4270668029785156,0.0013773252721875906,0.011734085157513618,38.61101531982422,0.9007165431976318,1.4099740819339956e-10,1.0000022712119971e-06,119.99998474121094,0.9096598029136658,0.002403989201411605,0.015502339228987694,36.192054748535156,0.8940505385398865
liver_7,liver_7.nii.gz,32,6,3971401077,0.4293789863586426,0.0011875545606017113,0.010134601965546608,39.88386535644531,0.9029085040092468,1.5214464410551187e-10,1.0000023848988349e-06,119.99998474121094,0.9114573001861572,0.0020811613649129868,0.01341630145907402,37.44734191894531,0.8964760899543762
liver_7,liver_7.nii.gz,32,7,2081314137,0.42530393600463867,0.0011953561333939433,0.010729345493018627,39.38853454589844,0.9032341837882996,1.6902876320834537e-10,1.0000026122725103e-06,119.99998474121094,0.9117025136947632,0.0020799795165657997,0.01415318250656128,36.98291778564453,0.8969674706459045
liver_7,liver_7.nii.gz,64,0,2139753733,0.6555352210998535,0.0005032792687416077,0.0067022391594946384,43.47560119628906,0.9093911051750183,3.222578592865233e-10,1.0000057955039665e-06,119.99995422363281,0.9141226410865784,0.0014610463986173272,0.011419511400163174,38.847049713134766,0.9003871083259583
liver_7,liver_7.nii.gz,64,1,2351197597,0.6561598777770996,0.0004919656785205007,0.006390723865479231,43.888999938964844,0.9095019102096558,3.26479371315358e-10,1.0000057955039665e-06,119.99995422363281,0.9142717123031616,0.0014307970413938165,0.01089862734079361,39.2525634765625,0.9003999829292297
liver_7,liver_7.nii.gz,64,2,2749111846,0.6469964981079102,0.0006220053182914853,0.007978918962180614,41.961116790771484,0.9083868265151978,3.289953309781879e-10,1.0000059091908042e-06,119.99995422363281,0.9135816693305969,0.0017620365833863616,0.013429336249828339,37.43891143798828,0.8988659381866455
liver_7,liver_7.nii.gz,64,3,1952595808,0.6497888565063477,0.00045256828889250755,0.00604316545650363,44.37471008300781,0.91042160987854,3.3707905910951297e-10,1.0000059091908042e-06,119.99995422363281,0.9148187637329102,0.0012922720052301884,0.010211734101176262,39.81800842285156,0.9022634625434875
liver_7,liver_7.nii.gz,64,4,2087731540,0.6634206771850586,0.0005179978907108307,0.006947509944438934,43.16341781616211,0.9093412756919861,3.3579505842595836e-10,1.000006022877642e-06,119.99995422363281,0.9142515063285828,0.0015390061307698488,0.011975274421274662,38.43429183959961,0.8996632695198059
liver_7,liver_7.nii.gz,64,5,2713836841,0.6561775207519531,0.0004950870643369853,0.0062043028883636,44.146141052246094,0.9098145961761475,3.2512001424400694e-10,1.0000057955039665e-06,119.99995422363281,0.914350688457489,0.0014399491483345628,0.010580979287624359,39.509483337402344,0.9011580944061279
liver_7,liver_7.nii.gz,64,6,2434954158,0.6601095199584961,0.0005129068740643561,0.006776537746191025,43.37984085083008,0.9093115925788879,3.208094623285973e-10,1.0000056818171288e-06,119.99995422363281,0.9138738512992859,0.0015090348897501826,0.011623538099229336,38.693233489990234,0.9004518389701843
liver_7,liver_7.nii.gz,64,7,4247730263,0.6545910835266113,0.0004589302698150277,0.006085916422307491,44.3134765625,0.9100928902626038,3.416288640867293e-10,1.000006022877642e-06,119.99993896484375,0.9145270586013794,0.0013286572648212314,0.010355217382311821,39.696815490722656,0.9016900062561035
liver_7,liver_7.nii.gz,128,0,969994984,0.8730926513671875,0.00012108943337807432,0.0036442840937525034,48.767757415771484,0.9128311276435852,4.855222335287124e-10,1.0000079555538832e-06,119.99993133544922,0.9144644737243652,0.0009541529580019414,0.010229839943349361,39.8026237487793,0.9015949964523315
liver_7,liver_7.nii.gz,128,1,3312594733,0.8577241897583008,9.795314690563828e-05,0.0028412158135324717,50.92991256713867,0.9130079746246338,4.875063686071712e-10,1.0000079555538832e-06,119.99993133544922,0.9148651957511902,0.0006884706672281027,0.007532491348683834,42.46122741699219,0.9018120765686035
liver_7,liver_7.nii.gz,128,2,4029409421,0.8740653991699219,7.447322423104197e-05,0.002568240975961089,51.80728530883789,0.9132772088050842,4.885967186396556e-10,1.0000079555538832e-06,119.99993133544922,0.9149186015129089,0.0005913609056733549,0.007237076759338379,42.808738708496094,0.9018856883049011
liver_7,liver_7.nii.gz,128,3,1220829049,0.8649115562438965,9.713193139759824e-05,0.0027506635524332523,51.21125030517578,0.9131287932395935,4.731040559313726e-10,1.0000077281802078e-06,119.99993133544922,0.9147888422012329,0.000719021656550467,0.007483906578272581,42.517433166503906,0.9025013446807861
liver_7,liver_7.nii.gz,128,4,3849642600,0.8665990829467773,0.00011075316433561966,0.003108958015218377,50.147705078125,0.9129173755645752,4.866027025762776e-10,1.0000079555538832e-06,119.99993133544922,0.914632260799408,0.0008302247733809054,0.008512075059115887,41.3992919921875,0.9017783999443054
liver_7,liver_7.nii.gz,128,5,1214549520,0.8730030059814453,9.978207526728511e-05,0.002870169933885336,50.84184646606445,0.913049578666687,4.8050147194445e-10,1.0000077281802078e-06,119.99993133544922,0.9146460890769958,0.0007857009768486023,0.008053986355662346,41.879783630371094,0.9020758271217346
liver_7,liver_7.nii.gz,128,6,2935755656,0.870053768157959,0.00010367589857196435,0.0030265278182923794,50.381107330322266,0.9130734205245972,4.803688002930073e-10,1.0000078418670455e-06,119.99993133544922,0.9146837592124939,0.0007978337234817445,0.008395814336836338,41.51874542236328,0.902291476726532
liver_7,liver_7.nii.gz,128,7,561973895,0.8716306686401367,8.219644223572686e-05,0.0027505066245794296,51.21174621582031,0.9131107330322266,5.104570099945249e-10,1.0000082966143964e-06,119.99992370605469,0.9147924780845642,0.0006403087172657251,0.007676831912249327,42.296363830566406,0.9016914367675781
liver_60,liver_60.nii.gz,4,0,1666263835,0.06937789916992188,0.003528484608978033,0.027001354843378067,31.372289657592773,0.8745970129966736,1.4338280996534225e-12,9.999999974752427e-07,120.0,0.8917651176452637,0.00379153317771852,0.027989741414785385,31.06002426147461,0.873317301273346
liver_60,liver_60.nii.gz,4,1,1452728669,0.07238578796386719,0.0030034410301595926,0.02455812133848667,32.19609832763672,0.8737857341766357,1.1779263545466656e-12,9.999999974752427e-07,120.0,0.8866503238677979,0.0032378125470131636,0.025498313829302788,31.86977195739746,0.8727819323539734
liver_60,liver_60.nii.gz,4,2,939267501,0.06443452835083008,0.003724134061485529,0.028128420934081078,31.017093658447266,0.8672064542770386,2.42601923793051e-12,9.999999974752427e-07,120.0,0.8822869062423706,0.003980623558163643,0.02908092737197876,30.727834701538086,0.8661678433418274
liver_60,liver_60.nii.gz,4,3,702986319,0.07380056381225586,0.0036005780566483736,0.02741302363574505,31.240861892700195,0.8698623180389404,5.009504529945863e-12,9.999999974752427e-07,120.0,0.893570601940155,0.003887475933879614,0.028484242036938667,30.907907485961914,0.8679733276367188
liver_60,liver_60.nii.gz,4,4,1081161150,0.06855583190917969,0.00265482347458601,0.02246505580842495,32.969852447509766,0.8797602653503418,2.4874653118539536e-12,9.999999974752427e-07,120.0,0.8894718885421753,0.0028502228669822216,0.02327710948884487,32.66141891479492,0.8790454268455505
liver_60,liver_60.nii.gz,4,5,2068980984,0.06915140151977539,0.003549337387084961,0.02745147980749607,31.22868537902832,0.8693655729293823,4.932083821213018e-12,9.999999974752427e-07,120.0,0.8870670795440674,0.0038130125030875206,0.028452880680561066,30.9174747467041,0.8680505156517029
liver_60,liver_60.nii.gz,4,6,2805987953,0.06823492050170898,0.0035193972289562225,0.026805464178323746,31.435531616210938,0.8706357479095459,1.0413182902763163e-12,9.999999974752427e-07,120.0,0.8871228098869324,0.003777129342779517,0.027769632637500763,31.128597259521484,0.8694283962249756
liver_60,liver_60.nii.gz,4,7,965365017,0.0659322738647461,0.003469211980700493,0.02627030573785305,31.61069679260254,0.8674074411392212,5.9272716942948556e-12,1.0000001111620804e-06,120.0,0.8746569752693176,0.003714090446010232,0.027181658893823624,31.31447982788086,0.8668957352638245
liver_60,liver_60.nii.gz,8,0,2516298107,0.13731718063354492,0.0016401937464252114,0.016416432335972786,35.69442367553711,0.8903508186340332,1.2269946343679283e-11,1.0000002248489182e-06,120.0,0.8972652554512024,0.0019012709381058812,0.017674745991826057,35.05293655395508,0.8892503380775452
liver_60,liver_60.nii.gz,8,1,1649598852,0.13402032852172852,0.0025198846124112606,0.024114444851875305,32.354454040527344,0.8821086883544922,1.9000159084958668e-11,1.0000002248489182e-06,120.0,0.8945130109786987,0.0029098656959831715,0.025913340970873833,31.729530334472656,0.8801891207695007
liver_60,liver_60.nii.gz,8,2,137862088,0.13138532638549805,0.0021974099799990654,0.02031172625720501,33.845062255859375,0.8846622109413147,1.33714853425837e-11,1.0000002248489182e-06,120.0,0.8977352976799011,0.0025297868996858597,0.02179381437599659,33.233333587646484,0.8826847672462463
liver_60,liver_60.nii.gz,8,3,313049207,0.13157081604003906,0.0015569532988592982,0.015565542504191399,36.156715393066406,0.8904436826705933,1.4905266257358996e-11,1.0000002248489182e-06,120.0,0.8965141177177429,0.0017928385641425848,0.016703099012374878,35.54405975341797,0.8895241022109985
liver_60,liver_60.nii.gz,8,4,1774650146,0.13790369033813477,0.0022833864204585552,0.021478937938809395,33.359745025634766,0.8841255307197571,1.3261134378106387e-11,1.0000002248489182e-06,120.0,0.8988459706306458,0.0026486441493034363,0.023133158683776855,32.715301513671875,0.8817708492279053
liver_60,liver_60.nii.gz,8,5,252859970,0.13419532775878906,0.0018123227637261152,0.016495706513524055,35.65258026123047,0.8840587139129639,1.3501841138185977e-11,1.0000002248489182e-06,120.0,0.8895162343978882,0.0020932236220687628,0.01772805117070675,35.02678298950195,0.8832128643989563
liver_60,liver_60.nii.gz,8,6,2412092168,0.13672494888305664,0.0020900939125567675,0.019815225154161453,34.060020446777344,0.8858835697174072,1.0968658273324827e-11,1.0000001111620804e-06,120.0,0.8971047401428223,0.0024211215786635876,0.021326735615730286,33.421512603759766,0.8841063976287842
liver_60,liver_60.nii.gz,8,7,2785708243,0.13620233535766602,0.002365905325859785,0.02212141826748848,33.10374069213867,0.8830917477607727,9.183228830145218e-12,1.0000001111620804e-06,120.0,0.8980987071990967,0.0027389577589929104,0.023801645264029503,32.46786117553711,0.8807256817817688
liver_60,liver_60.nii.gz,16,0,1812189751,0.2524123191833496,0.0008110641501843929,0.010282634757459164,39.757911682128906,0.898956298828125,3.9980154603602713e-11,1.0000005659094313e-06,119.99999237060547,0.904448926448822,0.001084908377379179,0.01189250499010086,38.49453353881836,0.8971019983291626
liver_60,liver_60.nii.gz,16,1,239994593,0.2574424743652344,0.001125925569795072,0.013111726380884647,37.64680099487305,0.8955907821655273,3.094052791752233e-11,1.0000004522225936e-06,120.0,0.9028858542442322,0.001516280579380691,0.015215801075100899,36.354103088378906,0.8930617570877075
liver_60,liver_60.nii.gz,16,2,3994520353,0.2547893524169922,0.0011507361195981503,0.013380574993789196,37.47050476074219,0.8950330018997192,3.1302144903877505e-11,1.0000004522225936e-06,120.0,0.9026901125907898,0.0015441756695508957,0.015500126406550407,36.193294525146484,0.8924152851104736
liver_60,liver_60.nii.gz,16,3,2638008173,0.2562861442565918,0.0010805614292621613,0.013847270980477333,37.17271423339844,0.8961706161499023,3.5292532785113906e-11,1.0000005659094313e-06,120.0,0.9038744568824768,0.0014529263135045767,0.016056884080171585,35.88677215576172,0.8935161232948303
liver_60,liver_60.nii.gz,16,4,3301297309,0.24021339416503906,0.0012088841758668423,0.013902144506573677,37.138362884521484,0.8948578834533691,4.2042383463503086e-11,1.000000679596269e-06,119.99999237060547,0.9032995104789734,0.0015910838264971972,0.01594909280538559,35.94527816772461,0.8921891450881958
liver_60,liver_60.nii.gz,16,5,1964330077,0.24227476119995117,0.0014438237994909286,0.016283292323350906,35.76515579223633,0.8926430940628052,3.577737758830857e-11,1.0000005659094313e-06,120.0,0.9032888412475586,0.0019054714357480407,0.01870623417198658,34.560272216796875,0.8892393708229065
liver_60,liver_60.nii.gz,16,6,1849941699,0.24823999404907227,0.0008872094331309199,0.011753886006772518,38.596370697021484,0.8983353972434998,4.7006926129355975e-11,1.000000679596269e-06,119.99999237060547,0.9043158888816833,0.0011801763903349638,0.013556321151554585,37.35716247558594,0.8963607549667358
liver_60,liver_60.nii.gz,16,7,192349003,0.2485661506652832,0.0010019333567470312,0.01164019014686346,38.6807975769043,0.896874189376831,3.025680400670083e-11,1.0000004522225936e-06,120.0,0.903566300868988,0.0013333620736375451,0.013428103178739548,37.43970489501953,0.8946607112884521
liver_60,liver_60.nii.gz,32,0,2440271289,0.4226388931274414,0.0005766246467828751,0.008326221257448196,41.59103775024414,0.9012937545776367,6.439935390512019e-11,1.0000010206567822e-06,119.99999237060547,0.9058023691177368,0.00099872425198555,0.010957821272313595,39.20551681518555,0.8979936242103577
liver_60,liver_60.nii.gz,32,1,2708910386,0.42035627365112305,0.0004713156959041953,0.007457119878381491,42.54857635498047,0.9024950861930847,8.576778176561106e-11,1.0000013617172954e-06,119.99999237060547,0.906424343585968,0.0008131127106025815,0.009794686920940876,40.1801872253418,0.8996459245681763
liver_60,liver_60.nii.gz,32,2,2013664507,0.428983211517334,0.0004368758527562022,0.007149165030568838,42.91489028930664,0.903003990650177,7.368358700965416e-11,1.00000113434362e-06,119.99999237060547,0.9069318771362305,0.0007650840561836958,0.009460865519940853,40.481380462646484,0.9000534415245056
liver_60,liver_60.nii.gz,32,3,1194303170,0.41901540756225586,0.00040166638791561127,0.007341335061937571,42.68449783325195,0.9025393724441528,1.116602851847226e-10,1.0000018164646463e-06,119.99998474121094,0.9079368114471436,0.0006913545075803995,0.009631473571062088,40.326148986816406,0.8986468315124512
liver_60,liver_60.nii.gz,32,4,2545755962,0.4234747886657715,0.00044635776430368423,0.007352837361395359,42.670902252197266,0.9027120471000671,7.371729615623934e-11,1.00000113434362e-06,119.99999237060547,0.9066774249076843,0.0007742206216789782,0.009683799929916859,40.279083251953125,0.8997997045516968
liver_60,liver_60.nii.gz,32,5,2943766059,0.4345893859863281,0.0005589714273810387,0.00863057654350996,41.279205322265625,0.901491641998291,7.898631054770178e-11,1.0000012480304576e-06,119.99999237060547,0.9055773615837097,0.000988611369393766,0.011477777734398842,38.80284118652344,0.8983516097068787
liver_60,liver_60.nii.gz,32,6,2104684093,0.413846492767334,0.0005223398329690099,0.007885674014687538,42.0632209777832,0.9020344614982605,8.589445821272079e-11,1.0000013617172954e-06,119.99999237060547,0.9060109257698059,0.0008911314653232694,0.01029990240931511,39.74333953857422,0.8992274403572083
liver_60,liver_60.nii.gz,32,7,3992532954,0.42339134216308594,0.0005055915680713952,0.008286351338028908,41.63273239135742,0.9021555185317993,7.958526893059314e-11,1.0000012480304576e-06,119.99999237060547,0.9064462184906006,0.0008768364787101746,0.010912462137639523,39.241546630859375,0.8990052342414856
liver_60,liver_60.nii.gz,64,0,3702721777,0.6565227508544922,0.000212538376217708,0.005008927080780268,46.005104064941406,0.904606282711029,1.5982752621379603e-10,1.0000030670198612e-06,119.99996948242188,0.9069826006889343,0.000618784106336534,0.008546645753085613,41.36408996582031,0.9000645279884338
liver_60,liver_60.nii.gz,64,1,1463758190,0.6618509292602539,0.000241050060139969,0.006049796473234892,44.36518859863281,0.9041903018951416,1.6644205458327122e-10,1.0000032943935366e-06,119.99996948242188,0.9067773222923279,0.0007128511206246912,0.010403672233223915,39.65626525878906,0.8991273045539856
liver_60,liver_60.nii.gz,64,2,2172922795,0.6561727523803711,0.0001135416969191283,0.003411623416468501,49.34077835083008,0.9055984616279602,1.7643521366128567e-10,1.0000034080803744e-06,119.99996948242188,0.9078516960144043,0.00033022856223396957,0.005818230099976063,44.70417785644531,0.9012988805770874
liver_60,liver_60.nii.gz,64,3,3947043532,0.6596064567565918,0.00016868460807017982,0.0045273019932210445,46.883209228515625,0.9050410985946655,1.6831568083741644e-10,1.0000032943935366e-06,119.99996948242188,0.9072877764701843,0.0004955572658218443,0.007759768515825272,42.203025817871094,0.9006884694099426
liver_60,liver_60.nii.gz,64,4,2030242589,0.6429457664489746,0.00019904921646229923,0.004558680113404989,46.823219299316406,0.9048887491226196,1.478313721436919e-10,1.0000029533330235e-06,119.99996948242188,0.9069807529449463,0.000557475897949189,0.007629076950252056,42.35055923461914,0.9011225700378418
liver_60,liver_60.nii.gz,64,5,2044717261,0.659660816192627,0.0001567307481309399,0.00400565518066287,47.946529388427734,0.9053361415863037,1.5091028426894582e-10,1.0000029533330235e-06,119.99996948242188,0.9073434472084045,0.0004605130816344172,0.006866217590868473,43.265647888183594,0.9014458656311035
liver_60,liver_60.nii.gz,64,6,921881156,0.6634125709533691,0.00015122874174267054,0.003972156904637814,48.01947021484375,0.9052643775939941,1.674404365159532e-10,1.0000032943935366e-06,119.99996948242188,0.907508909702301,0.0004492996959015727,0.0068466393277049065,43.29045104980469,0.9008415341377258
liver_60,liver_60.nii.gz,64,7,3534850872,0.6598587036132812,0.0001416027662344277,0.0038014589808881283,48.40099334716797,0.9053593277931213,1.7320776757312473e-10,1.0000032943935366e-06,119.99996948242188,0.9074782133102417,0.00041630538180470467,0.00651809386909008,43.71759033203125,0.9012494683265686
liver_60,liver_60.nii.gz,128,0,1163019667,0.8676152229309082,8.660604362376034e-05,0.0033068936318159103,49.611595153808594,0.9056933522224426,2.0644065623631747e-10,1.0000036354540498e-06,119.99996948242188,0.9065369963645935,0.0006541981711052358,0.009088688530027866,40.829978942871094,0.9001649022102356
liver_60,liver_60.nii.gz,128,1,2960885504,0.8725357055664062,2.6140918635064736e-05,0.0015444837044924498,56.22433090209961,0.9061664342880249,2.1061279109613196e-10,1.0000036354540498e-06,119.99996948242188,0.9069057106971741,0.00020508280431386083,0.004326025024056435,47.27821731567383,0.9011070132255554
liver_60,liver_60.nii.gz,128,2,42364572,0.8719840049743652,2.136574767064303e-05,0.0014723582426086068,56.63972854614258,0.9061486124992371,2.0638558917429606e-10,1.000003521767212e-06,119.99996948242188,0.9069175124168396,0.00016689763288013637,0.0041151088662445545,47.712371826171875,0.9009124040603638
liver_60,liver_60.nii.gz,128,3,2744636197,0.869715690612793,2.6420118956593797e-05,0.0014974131481721997,56.493167877197266,0.9061236381530762,2.1211549183774991e-10,1.0000037491408875e-06,119.99996948242188,0.9069154262542725,0.00020278675947338343,0.004148542415350676,47.64208984375,0.9008382558822632
liver_60,liver_60.nii.gz,128,4,3154822750,0.876288890838623,3.2091782486531883e-05,0.001759665203280747,55.091400146484375,0.9060647487640381,2.032760487713503e-10,1.000003521767212e-06,119.99996948242188,0.9067835807800293,0.00025940759223885834,0.005002943798899651,46.01548767089844,0.9009745717048645
liver_60,liver_60.nii.gz,128,5,2421304677,0.8574934005737305,5.8497760619502515e-05,0.0024832014460116625,52.099761962890625,0.9059606790542603,1.9969149944731868e-10,1.000003521767212e-06,119.99996948242188,0.9066988229751587,0.00041049037827178836,0.006578008644282818,43.63811111450195,0.9015198349952698
liver_60,liver_60.nii.gz,128,6,1636598880,0.8640947341918945,4.3425807234598324e-05,0.0023899981752038,52.43205261230469,0.9059840440750122,2.0709486903136565e-10,1.0000036354540498e-06,119.99996948242188,0.9067835807800293,0.0003195286844857037,0.006483050063252449,43.76441192626953,0.9009010791778564
liver_60,liver_60.nii.gz,128,7,1588399317,0.8702545166015625,6.309402670012787e-05,0.002830596175044775,50.96244430541992,0.9057819843292236,2.026010331723782e-10,1.000003521767212e-06,119.99996948242188,0.9066151976585388,0.00048628932563588023,0.007858356460928917,42.093360900878906,0.900194525718689
liver_101,liver_101.nii.gz,4,0,1588798546,0.07274055480957031,0.010679421946406364,0.04917026683688164,26.16594696044922,0.8221907615661621,4.688725969981267e-12,9.999999974752427e-07,120.0,0.8598508834838867,0.011517188511788845,0.051062483340501785,25.83795928955078,0.8192364573478699
liver_101,liver_101.nii.gz,4,1,3397353688,0.06952333450317383,0.01034744642674923,0.04713451862335205,26.533218383789062,0.8226370811462402,2.261220290872279e-12,9.999999974752427e-07,120.0,0.8589684367179871,0.011120586656033993,0.04886369779706001,26.220273971557617,0.8199225068092346
liver_101,liver_101.nii.gz,4,2,3378379793,0.07401037216186523,0.01315443404018879,0.05945352092385292,24.516448974609375,0.8137850761413574,9.216559807012636e-12,1.0000001111620804e-06,120.0,0.8542532324790955,0.0142058115452528,0.06178378686308861,24.182510375976562,0.8105506300926208
liver_101,liver_101.nii.gz,4,3,1353494992,0.07697725296020508,0.012841020710766315,0.05800638720393181,24.730484008789062,0.8178284168243408,7.384443534083629e-13,9.999999974752427e-07,120.0,0.8653740286827087,0.013911922462284565,0.060376737266778946,24.38260841369629,0.8138633370399475
liver_101,liver_101.nii.gz,4,4,1049574101,0.07316923141479492,0.01240992359817028,0.05566626787185669,25.088157653808594,0.80131995677948,3.1075040544253918e-12,9.999999974752427e-07,120.0,0.8147168755531311,0.013389633037149906,0.057821836322546005,24.758163452148438,0.8002623319625854
liver_101,liver_101.nii.gz,4,5,413656144,0.07604122161865234,0.013495839200913906,0.05964892730116844,24.487945556640625,0.8107759952545166,3.831112944246984e-12,9.999999974752427e-07,120.0,0.8591341376304626,0.014606538228690624,0.062054939568042755,24.144474029541016,0.806796133518219
liver_101,liver_101.nii.gz,4,6,3809643808,0.07175922393798828,0.013164840638637543,0.058584436774253845,24.64435577392578,0.8077526092529297,3.1685637186945614e-12,9.999999974752427e-07,120.0,0.8374947309494019,0.014182571321725845,0.060806769877672195,24.32096290588379,0.8054532408714294
liver_101,liver_101.nii.gz,4,7,3154613569,0.07347726821899414,0.011664869263768196,0.05403166264295578,25.34703254699707,0.8167232275009155,1.9340477570156667e-12,9.999999974752427e-07,120.0,0.8467308282852173,0.01258994359523058,0.05613326281309128,25.015594482421875,0.8143435120582581
liver_101,liver_101.nii.gz,8,0,558419675,0.1386399269104004,0.00666256807744503,0.035110339522361755,29.091299057006836,0.8505120873451233,1.2588513564892878e-11,1.0000001111620804e-06,120.0,0.8752463459968567,0.007734939455986023,0.037830546498298645,28.443147659301758,0.8465310335159302
liver_101,liver_101.nii.gz,8,1,711086790,0.1331772804260254,0.007049469277262688,0.03722599521279335,28.583072662353516,0.8482210040092468,1.9367193612729316e-11,1.0000002248489182e-06,120.0,0.8787916302680969,0.008132538758218288,0.03998353332281113,27.962377548217773,0.8435242176055908
liver_101,liver_101.nii.gz,8,2,380848430,0.1384124755859375,0.006882618181407452,0.03671801835298538,28.702415466308594,0.8492819666862488,1.6639011349295352e-11,1.0000002248489182e-06,120.0,0.8754566311836243,0.007988298311829567,0.0395575612783432,28.055410385131836,0.8450771570205688
liver_101,liver_101.nii.gz,8,3,1865026732,0.13795042037963867,0.009313044138252735,0.04806821420788765,26.36284065246582,0.8381615877151489,3.285026764499044e-11,1.0000004522225936e-06,120.0,0.8849412202835083,0.010803374461829662,0.051771633327007294,25.718162536621094,0.8306756615638733
liver_101,liver_101.nii.gz,8,4,2791513780,0.14068603515625,0.010464552789926529,0.05419963225722313,25.3200740814209,0.8347897529602051,3.0475372225780006e-11,1.0000004522225936e-06,120.0,0.882473886013031,0.01217779889702797,0.0584682896733284,24.661590576171875,0.8269829154014587
liver_101,liver_101.nii.gz,8,5,1187346040,0.13632440567016602,0.008861061185598373,0.04636916518211365,26.6754150390625,0.8381303548812866,2.259465357867807e-11,1.0000003385357559e-06,120.0,0.884213387966156,0.010259710252285004,0.04989464581012726,26.038921356201172,0.8308565616607666
liver_101,liver_101.nii.gz,8,6,3338441619,0.14095067977905273,0.0078187957406044,0.04179401323199272,27.577716827392578,0.8455253839492798,1.716485460712125e-11,1.0000002248489182e-06,120.0,0.8805722594261169,0.00910168420523405,0.04509257525205612,26.917898178100586,0.839775025844574
liver_101,liver_101.nii.gz,8,7,982564931,0.13582611083984375,0.008660949766635895,0.045086540281772614,26.9190616607666,0.8402327299118042,2.6632055935560395e-11,1.0000003385357559e-06,120.0,0.8802615404129028,0.010022230446338654,0.04850051552057266,26.28507423400879,0.8339412212371826
liver_101,liver_101.nii.gz,16,0,2140741663,0.2465229034423828,0.003930551465600729,0.023655591532588005,32.521324157714844,0.8783683180809021,6.156369164456166e-11,1.0000009069699445e-06,119.99999237060547,0.895591139793396,0.005216550547629595,0.02725202590227127,31.292022705078125,0.8727333545684814
liver_101,liver_101.nii.gz,16,1,3986169543,0.26302242279052734,0.003908680751919746,0.023744849488139153,32.488609313964844,0.8787006139755249,5.6182836161156047e-11,1.0000009069699445e-06,119.99999237060547,0.8973658680915833,0.0053036632016301155,0.027659371495246887,31.16315460205078,0.8720393180847168
liver_101,liver_101.nii.gz,16,2,95050274,0.25887250900268555,0.004031833726912737,0.023725047707557678,32.49585723876953,0.8772016167640686,6.381168510261048e-11,1.0000010206567822e-06,119.99999237060547,0.8975343108177185,0.005440135020762682,0.0275588221848011,31.194786071777344,0.870099663734436
liver_101,liver_101.nii.gz,16,3,896788819,0.26125621795654297,0.0038596477825194597,0.02316209115087986,32.704444885253906,0.8800797462463379,5.895452181992056e-11,1.0000009069699445e-06,119.99999237060547,0.8963223099708557,0.0052246092818677425,0.026948267593979836,31.389385223388672,0.8743357062339783
liver_101,liver_101.nii.gz,16,4,2323802720,0.2506103515625,0.005274167284369469,0.03254786506295204,29.749547958374023,0.8689563870429993,5.561130375641987e-11,1.0000009069699445e-06,119.99999237060547,0.8950867652893066,0.0070379506796598434,0.03759834170341492,28.496625900268555,0.8602180480957031
liver_101,liver_101.nii.gz,16,5,4111479334,0.2508707046508789,0.00439852848649025,0.02718309685587883,31.31402015686035,0.875968337059021,4.9039616117907414e-11,1.0000007932831068e-06,119.99999237060547,0.8966174721717834,0.005871521309018135,0.031406573951244354,30.059587478637695,0.8690536022186279
liver_101,liver_101.nii.gz,16,6,3227053442,0.2525806427001953,0.00382986874319613,0.022798718884587288,32.841793060302734,0.8793631196022034,6.479874276044129e-11,1.0000010206567822e-06,119.99999237060547,0.8971356153488159,0.0051241228356957436,0.026371100917458534,31.577434539794922,0.8733572959899902
liver_101,liver_101.nii.gz,16,7,852332099,0.25846290588378906,0.0038837480824440718,0.02314014919102192,32.712677001953125,0.8790881037712097,5.7229148503479266e-11,1.0000009069699445e-06,119.99999237060547,0.8967236280441284,0.005237429402768612,0.026871981099247932,31.414005279541016,0.8729413747787476
liver_101,liver_101.nii.gz,32,0,1663469042,0.42368364334106445,0.002380872145295143,0.017943812534213066,34.92170715332031,0.8952174782752991,1.675240779430709e-10,1.000002725959348e-06,119.99998474121094,0.9091088175773621,0.004131189547479153,0.023636559024453163,32.52831268310547,0.8850054740905762
liver_101,liver_101.nii.gz,32,1,1523336099,0.41294097900390625,0.002054102485999465,0.015331356786191463,36.288387298583984,0.898213267326355,1.9867427147879368e-10,1.0000032943935366e-06,119.99996948242188,0.9097179770469666,0.0034989705309271812,0.020009661093354225,33.97520446777344,0.8901211023330688
liver_101,liver_101.nii.gz,32,2,3377695461,0.43272972106933594,0.002121425000950694,0.015968531370162964,35.93470001220703,0.8977782726287842,1.6524105694859514e-10,1.0000026122725103e-06,119.99998474121094,0.9090912342071533,0.0037397071719169617,0.021201662719249725,33.47260284423828,0.8891486525535583
liver_101,liver_101.nii.gz,32,3,1040750057,0.42249631881713867,0.0021253428421914577,0.015778714790940285,36.03856658935547,0.8983936905860901,1.7677999342158301e-10,1.0000028396461857e-06,119.99996948242188,0.909295916557312,0.0036802238319069147,0.020763197913765907,33.65411376953125,0.8904179334640503
liver_101,liver_101.nii.gz,32,4,701097057,0.41386938095092773,0.002423051977530122,0.01864045113325119,34.59086990356445,0.8948699235916138,1.828980022988702e-10,1.0000029533330235e-06,119.99996948242188,0.9089000821113586,0.004133979324251413,0.02434777095913887,32.270816802978516,0.8849634528160095
liver_101,liver_101.nii.gz,32,5,1420823976,0.4070415496826172,0.002373858354985714,0.017706001177430153,35.03759002685547,0.8952975869178772,2.087934408701031e-10,1.0000034080803744e-06,119.99996948242188,0.9093126654624939,0.0040034144185483456,0.022993674501776695,32.7678337097168,0.8856770396232605
liver_101,liver_101.nii.gz,32,6,3333326830,0.44163942337036133,0.0018267803825438023,0.013926097191870213,37.123409271240234,0.9011082649230957,1.6599883967405304e-10,1.0000026122725103e-06,119.99998474121094,0.9104071259498596,0.003271685913205147,0.018636830151081085,34.592559814453125,0.8937534689903259
liver_101,liver_101.nii.gz,32,7,1193398038,0.43175315856933594,0.002306917682290077,0.01886053942143917,34.48891830444336,0.8964661955833435,1.7207477109870695e-10,1.000002725959348e-06,119.99996948242188,0.9092444181442261,0.004059710074216127,0.025019900873303413,32.03428649902344,0.8867576718330383
liver_101,liver_101.nii.gz,64,0,2557899216,0.6586418151855469,0.0007575312629342079,0.008402690291404724,41.51163101196289,0.9107668399810791,4.1976019882206117e-10,1.0000077281802078e-06,119.99993133544922,0.9160444140434265,0.002219167537987232,0.01438179798424244,36.84373474121094,0.9005842208862305
liver_101,liver_101.nii.gz,64,1,3639168384,0.6610841751098633,0.0005964194424450397,0.007231493014842272,42.8154411315918,0.9121183156967163,4.2320133508688684e-10,1.00000761449337e-06,119.99993133544922,0.917261004447937,0.0017597856931388378,0.012421729043126106,38.11635971069336,0.9020878076553345
liver_101,liver_101.nii.gz,64,2,631795616,0.6716446876525879,0.0006897095590829849,0.007887342944741249,42.06138610839844,0.9112326502799988,4.0216904806378295e-10,1.0000072734328569e-06,119.99993133544922,0.91631019115448,0.0021004965528845787,0.01376444473862648,37.22482681274414,0.9008471369743347
liver_101,liver_101.nii.gz,64,3,4216539512,0.6511964797973633,0.0007075396715663373,0.008226249366998672,41.695960998535156,0.9112370014190674,4.1129760708358276e-10,1.0000073871196946e-06,119.99993133544922,0.9165759086608887,0.0020284755155444145,0.013928726315498352,37.12177276611328,0.9012698531150818
liver_101,liver_101.nii.gz,64,4,1090304894,0.6554899215698242,0.000997758936136961,0.010131102986633778,39.886863708496094,0.9079365134239197,3.8745770480907993e-10,1.0000070460591814e-06,119.99993896484375,0.9145891070365906,0.0028961668722331524,0.01726059429347515,35.25888442993164,0.8952789306640625
liver_101,liver_101.nii.gz,64,5,3289157426,0.6609044075012207,0.0008055773796513677,0.008855906315147877,41.05533981323242,0.9100437164306641,4.0059575101558664e-10,1.0000071597460192e-06,119.99993133544922,0.915960431098938,0.0023756639566272497,0.015207994729280472,36.35856246948242,0.8985123038291931
liver_101,liver_101.nii.gz,64,6,389119275,0.6516757011413574,0.0006621100474148989,0.007992519997060299,41.946327209472656,0.9114352464675903,4.431191524822964e-10,1.000008069240721e-06,119.99993133544922,0.91694575548172,0.0019008428789675236,0.013542281463742256,37.36616516113281,0.9011261463165283
liver_101,liver_101.nii.gz,64,7,461450415,0.6657862663269043,0.0007116291671991348,0.008177190087735653,41.74791717529297,0.9111068248748779,3.980953622306771e-10,1.0000071597460192e-06,119.99993133544922,0.9165045022964478,0.0021292627789080143,0.01414464134722948,36.9881591796875,0.9003546237945557
liver_101,liver_101.nii.gz,128,0,2206918523,0.8709349632263184,0.00017612602096050978,0.004017404746264219,47.92108917236328,0.9153424501419067,6.229528004553231e-10,1.000010456664313e-06,119.99991607666016,0.9171645641326904,0.001364625757560134,0.011182560585439205,39.0291748046875,0.9030474424362183
liver_101,liver_101.nii.gz,128,1,2578796901,0.8688111305236816,0.0002151285152649507,0.004571998491883278,46.797874450683594,0.9149298667907715,6.22396356675381e-10,1.0000103429774754e-06,119.99991607666016,0.9168715476989746,0.0016398340230807662,0.012622854672372341,37.97684860229492,0.9020722508430481
liver_101,liver_101.nii.gz,128,2,3761708584,0.8735666275024414,0.00013251649215817451,0.0033117097336798906,49.59895706176758,0.9155585169792175,6.341992486724735e-10,1.0000105703511508e-06,119.99990844726562,0.9174405932426453,0.0010481089120730758,0.009313681162893772,40.61756896972656,0.9025561213493347
liver_101,liver_101.nii.gz,128,3,4063889420,0.8756365776062012,0.0001027574617182836,0.002982410369440913,50.50865173339844,0.9158020615577698,6.4848559855335e-10,1.0000106840379885e-06,119.99990844726562,0.9177097678184509,0.0008262629853561521,0.008457091636955738,41.4555778503418,0.9023709297180176
liver_101,liver_101.nii.gz,128,4,3250103725,0.8672056198120117,0.0001253020018339157,0.003444180591031909,49.258277893066406,0.9156676530838013,6.663349316760048e-10,1.0000111387853394e-06,119.99990844726562,0.9176856279373169,0.0009435747051611543,0.009451397694647312,40.49007797241211,0.9024898409843445
liver_101,liver_101.nii.gz,128,5,4292994722,0.8727498054504395,0.00017276439757551998,0.003988602664321661,47.983585357666016,0.9152926206588745,6.265750140954651e-10,1.000010456664313e-06,119.99991607666016,0.9170953035354614,0.0013576704077422619,0.011181280948221684,39.03017044067383,0.9029297828674316
liver_101,liver_101.nii.gz,128,6,143076970,0.8834013938903809,0.00014623651804868132,0.003878565737977624,48.22657775878906,0.9154465794563293,6.462737567325405e-10,1.000010911411664e-06,119.99990844726562,0.917154848575592,0.0012541826581582427,0.011358591727912426,38.89351272583008,0.9025041460990906
liver_101,liver_101.nii.gz,128,7,2534708005,0.8746905326843262,0.0001187365414807573,0.003475586883723736,49.17943572998047,0.9156755208969116,6.574810140769216e-10,1.000010911411664e-06,119.99990844726562,0.9176039695739746,0.0009475417900830507,0.009818297810852528,40.159278869628906,0.9022149443626404
liver_23,liver_23.nii.gz,4,0,4117561970,0.07072877883911133,0.0048777638003230095,0.02976628579199314,30.525508880615234,0.8641752004623413,3.817487558704924e-12,9.999999974752427e-07,120.0,0.8673547506332397,0.005249020643532276,0.030878299847245216,30.206932067871094,0.863933265209198
liver_23,liver_23.nii.gz,4,1,2303605528,0.075927734375,0.004993879236280918,0.0300951786339283,30.43006134033203,0.8626675605773926,5.9892125980898214e-12,1.0000001111620804e-06,120.0,0.8802306652069092,0.005404208321124315,0.03130717948079109,30.087120056152344,0.8612244725227356
liver_23,liver_23.nii.gz,4,2,1110177163,0.07873344421386719,0.005636411253362894,0.032659031450748444,29.719934463500977,0.8569890856742859,1.9854257127249753e-12,9.999999974752427e-07,120.0,0.8821511268615723,0.006118111312389374,0.03402598202228546,29.363786697387695,0.8548386693000793
liver_23,liver_23.nii.gz,4,3,2235671833,0.07166004180908203,0.005267844535410404,0.031063184142112732,30.155078887939453,0.8610045909881592,2.7763305977118735e-12,9.999999974752427e-07,120.0,0.8836765885353088,0.00567447766661644,0.03223980963230133,29.832151412963867,0.8592544794082642
liver_23,liver_23.nii.gz,4,4,3180268901,0.07432031631469727,0.005450645461678505,0.03425460681319237,29.305620193481445,0.8616529107093811,1.5500033548332404e-11,1.0000002248489182e-06,120.0,0.871720552444458,0.00588826322928071,0.03560316562652588,28.970226287841797,0.860844612121582
liver_23,liver_23.nii.gz,4,5,1087946617,0.07464170455932617,0.005493910051882267,0.03363551199436188,29.464038848876953,0.8592630624771118,3.807751856876873e-12,9.999999974752427e-07,120.0,0.8795825242996216,0.005937062669545412,0.034965768456459045,29.127138137817383,0.8576241731643677
liver_23,liver_23.nii.gz,4,6,3905902660,0.07178831100463867,0.006613828241825104,0.03864392265677452,28.258377075195312,0.8506065607070923,1.744555715166296e-11,1.0000002248489182e-06,120.0,0.8494855165481567,0.007125344593077898,0.04011046513915062,27.934846878051758,0.8506932258605957
liver_23,liver_23.nii.gz,4,7,2366352773,0.0686793327331543,0.004686531610786915,0.02773006446659565,31.14098358154297,0.8547723293304443,3.5175725179859008e-12,9.999999974752427e-07,120.0,0.8335615992546082,0.005032135173678398,0.028734341263771057,30.83197593688965,0.8563365340232849
liver_23,liver_23.nii.gz,8,0,1597245495,0.13349628448486328,0.0033506876789033413,0.023676374927163124,32.513694763183594,0.8771739602088928,2.4540354123803176e-11,1.0000003385357559e-06,120.0,0.8899001479148865,0.0038669046480208635,0.02543489821255207,31.891401290893555,0.8752133846282959
liver_23,liver_23.nii.gz,8,1,813344494,0.14024639129638672,0.0030803971458226442,0.022539909929037094,32.940956115722656,0.8813016414642334,1.0943399832152867e-11,1.0000001111620804e-06,120.0,0.8949613571166992,0.0035828836262226105,0.024308891966938972,32.28469467163086,0.879073441028595
liver_23,liver_23.nii.gz,8,2,1917429380,0.1312732696533203,0.0033188422676175833,0.024975476786494255,32.049720764160156,0.8785597681999207,2.2516828679375323e-11,1.0000003385357559e-06,120.0,0.8953670263290405,0.003820352489128709,0.026796137914061546,31.438556671142578,0.876020073890686
liver_23,liver_23.nii.gz,8,3,324025030,0.137359619140625,0.004104582592844963,0.029607228934764862,30.572044372558594,0.8733481168746948,2.4700429201995888e-11,1.0000003385357559e-06,120.0,0.8954746127128601,0.004758161958307028,0.03187739849090576,29.930341720581055,0.8698248863220215
liver_23,liver_23.nii.gz,8,4,3809182828,0.13759517669677734,0.0032127127051353455,0.023054074496030807,32.74504852294922,0.8789281249046326,2.1637601432811238e-11,1.0000003385357559e-06,120.0,0.8968374133110046,0.0037252954207360744,0.024825163185596466,32.10215759277344,0.8760707378387451
liver_23,liver_23.nii.gz,8,5,775794032,0.1315288543701172,0.004051272291690111,0.029225360602140427,30.684803009033203,0.8738076686859131,2.8159292606022568e-11,1.0000004522225936e-06,120.0,0.8925147652626038,0.0046648322604596615,0.0313604436814785,30.072355270385742,0.8709744215011597
liver_23,liver_23.nii.gz,8,6,4022806584,0.13008499145507812,0.004034407436847687,0.028062378987669945,31.03750991821289,0.8742082715034485,2.223091849495873e-11,1.0000003385357559e-06,120.0,0.8959701657295227,0.004637702833861113,0.03008749894797802,30.432279586791992,0.8709540963172913
liver_23,liver_23.nii.gz,8,7,1733506704,0.1329212188720703,0.0029935140628367662,0.02150815725326538,33.34793472290039,0.8785292506217957,2.8411826710761368e-11,1.0000004522225936e-06,120.0,0.8890776634216309,0.0034524130169302225,0.02309797704219818,32.72852325439453,0.8769122362136841
liver_23,liver_23.nii.gz,16,0,2366841922,0.24042654037475586,0.0016771371010690928,0.0143397506326437,36.86916732788086,0.8950402140617371,7.272173835337625e-11,1.00000113434362e-06,119.99999237060547,0.9044671654701233,0.002207998652011156,0.016453439369797707,35.67486572265625,0.892056405544281
liver_23,liver_23.nii.gz,16,1,4258204911,0.24626684188842773,0.00189935602247715,0.017448073253035545,35.1650505065918,0.8933417797088623,7.884592978513183e-11,1.00000113434362e-06,119.99999237060547,0.9043710827827454,0.0025199316442012787,0.020097343251109123,33.93722915649414,0.8897383213043213
liver_23,liver_23.nii.gz,16,2,1085509776,0.24643659591674805,0.0016092343721538782,0.013964609242975712,37.099422454833984,0.8958511352539062,7.122482464927415e-11,1.00000113434362e-06,119.99999237060547,0.9062345623970032,0.0021354996133595705,0.016086770221590996,35.87062454223633,0.8924556970596313
liver_23,liver_23.nii.gz,16,3,1560124063,0.24504899978637695,0.0018334235064685345,0.015659280121326447,36.10456466674805,0.8935183882713318,6.445481648409412e-11,1.0000010206567822e-06,119.99999237060547,0.9048535227775574,0.0024285330437123775,0.018022390082478523,34.883750915527344,0.8898393511772156
liver_23,liver_23.nii.gz,16,4,2670940238,0.25014543533325195,0.0017619524151086807,0.014926247298717499,36.52098846435547,0.894202470779419,5.764133267915916e-11,1.0000009069699445e-06,119.99999237060547,0.9040364623069763,0.0023497254587709904,0.017237016931176186,35.27075958251953,0.8909220695495605
liver_23,liver_23.nii.gz,16,5,3429953015,0.2492818832397461,0.0017570233903825283,0.015302208252251148,36.30491638183594,0.894233226776123,6.371575489438897e-11,1.0000010206567822e-06,119.99999237060547,0.9043806791305542,0.00234045647084713,0.017661014571785927,35.05968475341797,0.8908637762069702
liver_23,liver_23.nii.gz,16,6,3953675517,0.24218034744262695,0.0020129058975726366,0.01776348240673542,35.009437561035156,0.8924833536148071,5.860729263007514e-11,1.0000009069699445e-06,119.99999237060547,0.9040864706039429,0.0026561806444078684,0.020405404269695282,33.80509567260742,0.8887754082679749
liver_23,liver_23.nii.gz,16,7,10166298,0.2484607696533203,0.001835533301346004,0.016411395743489265,35.69709014892578,0.8935815691947937,7.362823545298269e-11,1.00000113434362e-06,119.99999237060547,0.9055361747741699,0.0024423652794212103,0.0189308300614357,34.45660400390625,0.8896295428276062
liver_23,liver_23.nii.gz,32,0,3070286474,0.43477439880371094,0.0012263262178748846,0.013417237438261509,37.446739196777344,0.899678647518158,1.4319755103908705e-10,1.0000022712119971e-06,119.99998474121094,0.9095337986946106,0.0021696221083402634,0.01784646511077881,34.968955993652344,0.8920983076095581
liver_23,liver_23.nii.gz,32,1,120434020,0.4328732490539551,0.0008042208501137793,0.008890384808182716,41.02159118652344,0.9041463732719421,1.3794623776597348e-10,1.0000021575251594e-06,119.99998474121094,0.9101625680923462,0.001418061787262559,0.011805393733084202,38.55839157104492,0.8995546698570251
liver_23,liver_23.nii.gz,32,2,2178542049,0.42659902572631836,0.0007078575436025858,0.008530797436833382,41.380210876464844,0.9051512479782104,1.6131049274115128e-10,1.0000024985856726e-06,119.99998474121094,0.9115590453147888,0.001234489376656711,0.011265757493674755,38.96479034423828,0.9003841876983643
liver_23,liver_23.nii.gz,32,3,2451205818,0.4350614547729492,0.0007887431420385838,0.009179472923278809,40.74364471435547,0.9041931629180908,1.4580790741458571e-10,1.0000023848988349e-06,119.99998474121094,0.9108781814575195,0.0013961574295535684,0.012212852947413921,38.26365661621094,0.8990452289581299
liver_23,liver_23.nii.gz,32,4,1003270570,0.4266819953918457,0.000941960490308702,0.01090427115559578,39.248069763183594,0.9026837944984436,1.5964644883847967e-10,1.0000024985856726e-06,119.99998474121094,0.9103830456733704,0.0016429983079433441,0.014401204884052277,36.83202362060547,0.8969542384147644
liver_23,liver_23.nii.gz,32,5,3411598322,0.43280744552612305,0.0008876954088918865,0.010135464370250702,39.88312530517578,0.9031246304512024,1.5128154284838047e-10,1.0000023848988349e-06,119.99998474121094,0.9104815125465393,0.0015650688437744975,0.013457934372127056,37.420433044433594,0.8975111246109009
liver_23,liver_23.nii.gz,32,6,2024378727,0.41875410079956055,0.0006730223540216684,0.008156212978065014,41.77022933959961,0.9053213596343994,1.8123347267362533e-10,1.0000028396461857e-06,119.99996948242188,0.9120498299598694,0.0011578960111364722,0.010698148049414158,39.4138298034668,0.9004741311073303
liver_23,liver_23.nii.gz,32,7,1323843922,0.42869138717651367,0.000744326040148735,0.00815695058554411,41.76944351196289,0.9047814607620239,1.5134389574900098e-10,1.0000023848988349e-06,119.99998474121094,0.9108911156654358,0.0013028440298512578,0.010791763663291931,39.33815383911133,0.9001971483230591
liver_23,liver_23.nii.gz,64,0,773345965,0.669517993927002,0.0002916989615187049,0.00509647699072957,45.85459899902344,0.908781111240387,2.7927116175163746e-10,1.0000049996961025e-06,119.99995422363281,0.9120315313339233,0.0008826464763842523,0.008865355513989925,41.04607391357422,0.9021965265274048
liver_23,liver_23.nii.gz,64,1,816683873,0.6697769165039062,0.00026413073646835983,0.004943314008414745,46.11963653564453,0.9088859558105469,3.115963598254723e-10,1.000005568130291e-06,119.99995422363281,0.9123396873474121,0.0007998548680916429,0.008602297864854336,41.30771255493164,0.9018813371658325
liver_23,liver_23.nii.gz,64,2,3566666960,0.6639089584350586,0.00040577223990112543,0.007390024606138468,42.62708282470703,0.9076496362686157,2.953815525508219e-10,1.0000053407566156e-06,119.99995422363281,0.9119144082069397,0.0012073277030140162,0.01274727750569582,37.89165115356445,0.8992255330085754
liver_23,liver_23.nii.gz,64,3,2357228766,0.6555109024047852,0.0003519057063385844,0.006007284391671419,44.42643737792969,0.9080485105514526,3.046415897323129e-10,1.000005568130291e-06,119.99995422363281,0.9116970896720886,0.0010215288493782282,0.010235060937702656,39.79819107055664,0.9011062979698181
liver_23,liver_23.nii.gz,64,4,1867032345,0.6631407737731934,0.00034673395566642284,0.006094774231314659,44.300846099853516,0.9081700444221497,3.0585722843312624e-10,1.0000054544434533e-06,119.99995422363281,0.9117641448974609,0.0010293135419487953,0.010501066222786903,39.57533264160156,0.9010953903198242
liver_23,liver_23.nii.gz,64,5,3279180567,0.6659765243530273,0.0003038354916498065,0.005177301354706287,45.71792984008789,0.9086345434188843,3.067923137756168e-10,1.0000054544434533e-06,119.99995422363281,0.9120501279830933,0.0009096224675886333,0.008958079852163792,40.9556999206543,0.9018251895904541
liver_23,liver_23.nii.gz,64,6,3616422503,0.6734466552734375,0.00033444957807660103,0.005490918178111315,45.20709991455078,0.9083728790283203,2.9206392859748576e-10,1.000005227069778e-06,119.99995422363281,0.9117051362991333,0.0010241798590868711,0.009608772583305836,40.346641540527344,0.901501476764679
liver_23,liver_23.nii.gz,64,7,3717166866,0.6643862724304199,0.00033152004471048713,0.005609644111245871,45.02129364013672,0.9084551334381104,2.9507640775250366e-10,1.000005227069778e-06,119.99995422363281,0.9117708206176758,0.0009878019336611032,0.009683122858405113,40.279693603515625,0.9018919467926025
liver_23,liver_23.nii.gz,128,0,1287461666,0.8765716552734375,0.00010078039485961199,0.0031049191020429134,50.15899658203125,0.9100522994995117,4.1272804618408543e-10,1.000006818685506e-06,119.99993896484375,0.9112986922264099,0.0008165062754414976,0.008837772533297539,41.07314682006836,0.901201605796814
liver_23,liver_23.nii.gz,128,1,2522612341,0.8732728958129883,5.375845648813993e-05,0.002187717240303755,53.20018005371094,0.9104940891265869,4.188899227486331e-10,1.0000069323723437e-06,119.99993896484375,0.9117766618728638,0.0004242035502102226,0.00614548847079277,44.22887420654297,0.9016566872596741
liver_23,liver_23.nii.gz,128,2,4205248813,0.860720157623291,6.267243588808924e-05,0.0026053311303257942,51.6827392578125,0.9104071259498596,4.3588863074539574e-10,1.0000071597460192e-06,119.99993133544922,0.911870002746582,0.00044997219811193645,0.006981018465012312,43.12162399291992,0.9013670086860657
liver_23,liver_23.nii.gz,128,3,1458529821,0.873084545135498,6.970719550736248e-05,0.0026556742377579212,51.516502380371094,0.9103296399116516,4.2775230579827905e-10,1.0000070460591814e-06,119.99993896484375,0.9116437435150146,0.0005492382915690541,0.007454482838511467,42.55165100097656,0.9012907147407532
liver_23,liver_23.nii.gz,128,4,740648305,0.8681554794311523,4.957977216690779e-05,0.001998288556933403,53.98683547973633,0.9105216264724731,4.465301739475791e-10,1.0000073871196946e-06,119.99993133544922,0.9119044542312622,0.0003760442778002471,0.0055033499374985695,45.18745803833008,0.9014169573783875
liver_23,liver_23.nii.gz,128,5,2425301374,0.8714962005615234,5.47720082977321e-05,0.00246355589479208,52.16875076293945,0.9104131460189819,4.391546015725112e-10,1.0000071597460192e-06,119.99993133544922,0.9117705821990967,0.0004262257425580174,0.006872336380183697,43.257911682128906,0.9012077450752258
liver_23,liver_23.nii.gz,128,6,491263988,0.8723282814025879,7.564605766674504e-05,0.002699493430554867,51.37435531616211,0.9102479815483093,4.2822309587187135e-10,1.0000070460591814e-06,119.99993896484375,0.9115583896636963,0.0005925015429966152,0.007555007003247738,42.435302734375,0.9012956619262695
liver_23,liver_23.nii.gz,128,7,1476818926,0.8692669868469238,8.851266466081142e-05,0.003319998737424612,49.577239990234375,0.9101375341415405,4.186531121774806e-10,1.0000069323723437e-06,119.99993896484375,0.9115164279937744,0.0006770463078282773,0.009182168170809746,40.74109649658203,0.9009703993797302
liver_25,liver_25.nii.gz,4,0,2447399868,0.06805992126464844,0.013671508990228176,0.06629449874162674,23.570449829101562,0.8234261274337769,7.72556931621926e-12,1.0000001111620804e-06,120.0,0.8360630869865417,0.014669944532215595,0.06867259740829468,23.26432991027832,0.8225032091140747
liver_25,liver_25.nii.gz,4,1,4005461481,0.06995868682861328,0.008370568975806236,0.04496078938245773,26.943321228027344,0.8443697094917297,1.2187925365128582e-12,9.999999974752427e-07,120.0,0.8605435490608215,0.009000211954116821,0.046621132642030716,26.62834358215332,0.8431530594825745
liver_25,liver_25.nii.gz,4,2,739940148,0.06938457489013672,0.011574555188417435,0.056580424308776855,24.946674346923828,0.8327706456184387,1.8433158645303482e-12,9.999999974752427e-07,120.0,0.8612025380134583,0.012437527999281883,0.05865176394581795,24.63437843322754,0.830650806427002
liver_25,liver_25.nii.gz,4,3,1586268114,0.07196903228759766,0.009905599057674408,0.05215776339173317,25.65361976623535,0.8354376554489136,2.5669527267679904e-12,9.999999974752427e-07,120.0,0.8426189422607422,0.010673780925571918,0.05414242669939995,25.329246520996094,0.8348807692527771
liver_25,liver_25.nii.gz,4,4,776673843,0.06973552703857422,0.010943092405796051,0.05676660314202309,24.918140411376953,0.8285791277885437,1.4264749320994086e-12,9.999999974752427e-07,120.0,0.8412270545959473,0.011763420887291431,0.05885585397481918,24.604206085205078,0.8276311159133911
liver_25,liver_25.nii.gz,4,5,3892745758,0.07256460189819336,0.014544379897415638,0.0676899179816246,23.3895206451416,0.8215797543525696,6.878784868102894e-12,1.0000001111620804e-06,120.0,0.8489162921905518,0.015682363882660866,0.07028815895318985,23.062355041503906,0.8194409012794495
liver_25,liver_25.nii.gz,4,6,3934044844,0.07514524459838867,0.010855495929718018,0.057266104966402054,24.84204864501953,0.8350265026092529,3.2149010016635504e-12,9.999999974752427e-07,120.0,0.860399603843689,0.011737514287233353,0.05954713746905327,24.502782821655273,0.8329648971557617
liver_25,liver_25.nii.gz,4,7,2494970482,0.07290077209472656,0.010390226729214191,0.05349557474255562,25.433643341064453,0.831325113773346,2.7290788986306103e-12,9.999999974752427e-07,120.0,0.8422527313232422,0.01120724342763424,0.05555903911590576,25.104904174804688,0.8304659128189087
liver_25,liver_25.nii.gz,8,0,4170864233,0.1395125389099121,0.0048608724027872086,0.03337222710251808,29.532297134399414,0.8688924312591553,1.6940719660407666e-11,1.0000002248489182e-06,120.0,0.8892829418182373,0.005648975260555744,0.03597600385546684,28.879741668701172,0.8655865788459778
liver_25,liver_25.nii.gz,8,1,1019870620,0.1346282958984375,0.0054358188062906265,0.0367189384996891,28.702198028564453,0.8669872879981995,1.5147319162855943e-11,1.0000002248489182e-06,120.0,0.8846285939216614,0.006281484384089708,0.03947196900844574,28.0742244720459,0.8642428517341614
liver_25,liver_25.nii.gz,8,2,1143971075,0.13569402694702148,0.0050327894277870655,0.03352192044258118,29.493423461914062,0.8677142858505249,2.2464008084255305e-11,1.0000003385357559e-06,120.0,0.8902003765106201,0.005822925828397274,0.03605745732784271,28.860095977783203,0.8641840219497681
liver_25,liver_25.nii.gz,8,3,818754705,0.13580560684204102,0.0060245199128985405,0.039976608008146286,27.963882446289062,0.8613085150718689,2.5176007112381882e-11,1.0000003385357559e-06,120.0,0.8878878951072693,0.006971255410462618,0.0430031456053257,27.32999610900879,0.8571317791938782
liver_25,liver_25.nii.gz,8,4,3069906157,0.14034128189086914,0.006795031018555164,0.04242171719670296,27.44823455810547,0.8591578006744385,2.5970628425575626e-11,1.0000003385357559e-06,120.0,0.8901491761207581,0.007904335856437683,0.045753590762615204,26.79149627685547,0.854098379611969
liver_25,liver_25.nii.gz,8,5,204052428,0.1350545883178711,0.005816965363919735,0.03902718052268028,28.172657012939453,0.8640087842941284,2.6410984510505386e-11,1.0000003385357559e-06,120.0,0.8873369693756104,0.006725240033119917,0.0419636070728302,27.542543411254883,0.8603664040565491
liver_25,liver_25.nii.gz,8,6,724563473,0.13356637954711914,0.005847835447639227,0.03664527088403702,28.719642639160156,0.8649963140487671,1.2981283582791381e-11,1.0000002248489182e-06,120.0,0.8893410563468933,0.006749317515641451,0.039368629455566406,28.096996307373047,0.8612434267997742
liver_25,liver_25.nii.gz,8,7,2043005007,0.13037443161010742,0.004760051611810923,0.03235835209488869,29.80027198791504,0.8688614368438721,2.0046053358924176e-11,1.0000003385357559e-06,120.0,0.8832868337631226,0.005473679397255182,0.03469926118850708,29.193593978881836,0.8666988611221313
liver_25,liver_25.nii.gz,16,0,2215932190,0.2542691230773926,0.003019935917109251,0.02411607839167118,32.35386657714844,0.8857048749923706,7.133318241647757e-11,1.00000113434362e-06,119.99999237060547,0.9026368856430054,0.004049632232636213,0.02792644314467907,31.079689025878906,0.8799318075180054
liver_25,liver_25.nii.gz,16,1,824571870,0.2556891441345215,0.0032243160530924797,0.025260327383875847,31.95121955871582,0.8838562369346619,6.295530763367196e-11,1.0000010206567822e-06,119.99999237060547,0.9018397927284241,0.004331948235630989,0.029279375448822975,30.668764114379883,0.8776785135269165
liver_25,liver_25.nii.gz,16,2,2314627406,0.24094676971435547,0.0025726202875375748,0.022318141534924507,33.02684020996094,0.8900309801101685,8.006666163407061e-11,1.0000012480304576e-06,119.99999237060547,0.9030523896217346,0.0033892488572746515,0.02561662532389164,31.82956314086914,0.885897696018219
liver_25,liver_25.nii.gz,16,3,2005977385,0.2494344711303711,0.0023935986682772636,0.019944816827774048,34.00339889526367,0.8917336463928223,5.4982938341163745e-11,1.0000009069699445e-06,119.99999237060547,0.9041587710380554,0.00318906013853848,0.02302161231637001,32.757286071777344,0.8876047730445862
liver_25,liver_25.nii.gz,16,4,2235410395,0.23830747604370117,0.0026834814343601465,0.02160917967557907,33.30723571777344,0.8891940712928772,8.299741449668829e-11,1.0000012480304576e-06,119.99999237060547,0.9043828248977661,0.0035230505745857954,0.024759875610470772,32.125030517578125,0.8844422101974487
liver_25,liver_25.nii.gz,16,5,3428947275,0.24175167083740234,0.002793659223243594,0.022071093320846558,33.12351989746094,0.8878049850463867,6.943277897075717e-11,1.00000113434362e-06,119.99999237060547,0.9045572280883789,0.003684359136968851,0.025346508249640465,31.9216365814209,0.8824638724327087
liver_25,liver_25.nii.gz,16,6,2412348807,0.24176502227783203,0.002428439911454916,0.020965611562132835,33.569847106933594,0.8917557597160339,1.013154213302947e-10,1.0000015890909708e-06,119.99999237060547,0.9049612879753113,0.0032027538400143385,0.02407718077301979,32.367889404296875,0.8875451683998108
liver_25,liver_25.nii.gz,16,7,3846345336,0.2391643524169922,0.002321746665984392,0.02012467198073864,33.92542266845703,0.8912063837051392,8.908222076664529e-11,1.0000013617172954e-06,119.99999237060547,0.9030823707580566,0.0030515745747834444,0.023071901872754097,32.73833465576172,0.8874734044075012
liver_25,liver_25.nii.gz,32,0,3010215737,0.4337315559387207,0.0012830134946852922,0.013627068139612675,37.31195068359375,0.9022995233535767,1.514755404441459e-10,1.0000024985856726e-06,119.99998474121094,0.9106234908103943,0.002265733666718006,0.01810886524617672,34.8421745300293,0.8959241509437561
liver_25,liver_25.nii.gz,32,1,1314608805,0.42778635025024414,0.0012248712591826916,0.013287149369716644,37.53136444091797,0.9028912782669067,1.7054674339433973e-10,1.000002725959348e-06,119.99996948242188,0.9116305112838745,0.0021405837032943964,0.017565185204148293,35.1069450378418,0.896358072757721
liver_25,liver_25.nii.gz,32,2,2474681776,0.4093203544616699,0.0017296953592449427,0.016964131966233253,35.409366607666016,0.8982714414596558,1.7880903702138795e-10,1.0000029533330235e-06,119.99996948242188,0.9104322195053101,0.002928313333541155,0.02207270823419094,33.122886657714844,0.8898447751998901
liver_25,liver_25.nii.gz,32,3,156701407,0.4333615303039551,0.0010442505590617657,0.011268400587141514,38.96275329589844,0.9046503901481628,1.9322390909515264e-10,1.000003180706699e-06,119.99996948242188,0.9129419922828674,0.0018428867915645242,0.014969567768275738,36.49581527709961,0.8983093500137329
liver_25,liver_25.nii.gz,32,4,1204304642,0.43463802337646484,0.0015051329974085093,0.01589326746761799,35.975738525390625,0.9000887274742126,1.667322252485448e-10,1.000002725959348e-06,119.99998474121094,0.9109625220298767,0.0026622465811669827,0.021137317642569542,33.499000549316406,0.8917295336723328
liver_25,liver_25.nii.gz,32,5,4001080412,0.43712377548217773,0.0010784276528283954,0.011750729754567146,38.59870529174805,0.9036869406700134,1.7000507945841292e-10,1.000002725959348e-06,119.99996948242188,0.9122692346572876,0.001915923086926341,0.015662401914596558,36.10283279418945,0.8970222473144531
liver_25,liver_25.nii.gz,32,6,1352423829,0.4250006675720215,0.0010696675162762403,0.011205178685486317,39.01162338256836,0.9040845036506653,1.6974098515643021e-10,1.000002725959348e-06,119.99996948242188,0.9124689698219299,0.0018602934433147311,0.014776960015296936,36.608299255371094,0.8978874683380127
liver_25,liver_25.nii.gz,32,7,4091155180,0.39634275436401367,0.0014907887671142817,0.014462064020335674,36.79539489746094,0.8996973633766174,1.833130175432629e-10,1.0000030670198612e-06,119.99996948242188,0.91010582447052,0.0024695948231965303,0.018613800406455994,34.60329818725586,0.8928638100624084
liver_25,liver_25.nii.gz,64,0,1119686563,0.6534051895141602,0.00041726604104042053,0.006931981071829796,43.18285369873047,0.9102610945701599,4.2012418544068453e-10,1.0000079555538832e-06,119.99993133544922,0.9149210453033447,0.0012039007851853967,0.011774604208767414,38.58107376098633,0.9014766812324524
liver_25,liver_25.nii.gz,64,1,252676186,0.6498570442199707,0.00040371218346990645,0.006492775399237871,43.75139236450195,0.9102228879928589,4.0584105520657943e-10,1.00000761449337e-06,119.99993133544922,0.9147089123725891,0.0011529916664585471,0.010972552932798862,39.19384765625,0.9018974304199219
liver_25,liver_25.nii.gz,64,2,1139589312,0.6523361206054688,0.0004898185143247247,0.007820049300789833,42.13581085205078,0.909706175327301,4.190607028053961e-10,1.000008069240721e-06,119.99993133544922,0.9141318798065186,0.001408884534612298,0.013262631371617317,37.54740524291992,0.9014025926589966
liver_25,liver_25.nii.gz,64,3,429860340,0.6669249534606934,0.0004522278322838247,0.00744124548509717,42.56708526611328,0.9099534153938293,3.844822515919333e-10,1.0000071597460192e-06,119.99993133544922,0.9143350124359131,0.0013577346689999104,0.012893611565232277,37.79250717163086,0.9011807441711426
liver_25,liver_25.nii.gz,64,4,540283766,0.6512494087219238,0.0005051223561167717,0.008254509419202805,41.666175842285156,0.909288763999939,4.1439954245880983e-10,1.0000077281802078e-06,119.99993133544922,0.9144135117530823,0.001448376220650971,0.013977638445794582,37.09132385253906,0.89971923828125
liver_25,liver_25.nii.gz,64,5,606349402,0.645268440246582,0.0005175586557015777,0.007553352043032646,42.43720626831055,0.9093210697174072,3.871824250101241e-10,1.0000073871196946e-06,119.99993133544922,0.9139069318771362,0.001459014369174838,0.012682059779763222,37.93620300292969,0.9009798765182495
liver_25,liver_25.nii.gz,64,6,156421128,0.6618413925170898,0.00037596182664856315,0.006751882378011942,43.411502838134766,0.9106236696243286,4.0037573256768155e-10,1.0000073871196946e-06,119.99993133544922,0.9151419401168823,0.0011117906542494893,0.011610866524279118,38.70270538330078,0.9017812013626099
liver_25,liver_25.nii.gz,64,7,3045669039,0.6744513511657715,0.0003392849466763437,0.005867697298526764,44.630645751953125,0.9112107753753662,3.854289942761824e-10,1.0000071597460192e-06,119.99993133544922,0.9152167439460754,0.0010421935003250837,0.010283945128321648,39.756805419921875,0.9029121398925781
liver_25,liver_25.nii.gz,128,0,289320145,0.8621664047241211,7.268998888321221e-05,0.003085182514041662,50.21438217163086,0.9129691123962402,6.008773478782814e-10,1.0000102292906377e-06,119.99991607666016,0.914818286895752,0.0005273711867630482,0.008310043253004551,41.607933044433594,0.9014034271240234
liver_25,liver_25.nii.gz,128,1,536355576,0.8747549057006836,9.48812230490148e-05,0.003142500529065728,50.05449295043945,0.9128834009170532,6.167565347325876e-10,1.0000105703511508e-06,119.99990844726562,0.9144697785377502,0.0007575600757263601,0.008879631757736206,41.032100677490234,0.9018033742904663
liver_25,liver_25.nii.gz,128,2,1979267080,0.8749098777770996,9.737088112160563e-05,0.003378424094989896,49.425716400146484,0.9128956198692322,6.102566785237684e-10,1.000010456664313e-06,119.99991607666016,0.9144599437713623,0.0007784016197547317,0.00955218356102705,40.39794921875,0.901955246925354
liver_25,liver_25.nii.gz,128,3,774958674,0.8713693618774414,6.602763460250571e-05,0.0026700252201408148,51.46969223022461,0.9131793975830078,6.268778829365829e-10,1.0000105703511508e-06,119.99990844726562,0.9147834777832031,0.0005133076920174062,0.0074446299113333225,42.56313705444336,0.9023131728172302
liver_25,liver_25.nii.gz,128,4,2188249093,0.8745150566101074,8.452913607470691e-05,0.0027900265995413065,51.087833404541016,0.913099467754364,5.979760020480285e-10,1.0000102292906377e-06,119.99991607666016,0.9145728349685669,0.0006736155482940376,0.007876123301684856,42.07374954223633,0.9028319120407104
liver_25,liver_25.nii.gz,128,5,1746442985,0.8708600997924805,0.0001688090560492128,0.005107699427753687,45.83549499511719,0.912212073802948,5.830163019027168e-10,1.0000098882301245e-06,119.99991607666016,0.9139652252197266,0.0013071756111457944,0.014213304966688156,36.94609832763672,0.9003903865814209
liver_25,liver_25.nii.gz,128,6,11759888,0.869962215423584,7.567782449768856e-05,0.0026870393194258213,51.414520263671875,0.9131560921669006,6.100940863618121e-10,1.000010456664313e-06,119.99991607666016,0.9146938920021057,0.0005819638608954847,0.007451422978192568,42.55521774291992,0.9028689861297607
liver_25,liver_25.nii.gz,128,7,543076777,0.8615756034851074,7.702557923039421e-05,0.00283353915438056,50.95341491699219,0.9130548238754272,6.259545104470021e-10,1.0000106840379885e-06,119.99990844726562,0.9147747159004211,0.0005564412567764521,0.007615929003804922,42.36553955078125,0.9023512005805969
liver_39,liver_39.nii.gz,4,0,4085848494,0.06998920440673828,0.014232584275305271,0.06906311959028244,23.215076446533203,0.8307137489318848,8.73087192820865e-12,1.0000001111620804e-06,120.0,0.867038905620575,0.015303676016628742,0.07161470502614975,22.89995574951172,0.8279800415039062
liver_39,liver_39.nii.gz,4,1,3393392893,0.07386922836303711,0.011601991020143032,0.05966506525874138,24.485597610473633,0.8330723643302917,1.743430595203821e-12,9.999999974752427e-07,120.0,0.8626763224601746,0.01252737920731306,0.061998896300792694,24.152320861816406,0.8307111263275146
liver_39,liver_39.nii.gz,4,2,1819394840,0.07503414154052734,0.011676216498017311,0.0571863166987896,24.854156494140625,0.8298935890197754,9.587961934814926e-13,9.999999974752427e-07,120.0,0.8701037168502808,0.012623402290046215,0.05946059897542,24.51541519165039,0.8266317248344421
liver_39,liver_39.nii.gz,4,3,1302190677,0.07181882858276367,0.013722699135541916,0.06720993667840958,23.451330184936523,0.830913245677948,3.400905642172991e-12,9.999999974752427e-07,120.0,0.861248791217804,0.014784504659473896,0.06976170837879181,23.12765884399414,0.8285660743713379
liver_39,liver_39.nii.gz,4,4,1829221188,0.06746912002563477,0.009292121976613998,0.048116832971572876,26.354061126708984,0.8194987773895264,1.5007212052914332e-12,9.999999974752427e-07,120.0,0.78001469373703,0.009964412078261375,0.049827076494693756,26.050691604614258,0.8223553895950317
liver_39,liver_39.nii.gz,4,5,2951256409,0.07320165634155273,0.01437601912766695,0.07023375481367111,23.06908416748047,0.8302642107009888,2.1354625966835128e-12,9.999999974752427e-07,120.0,0.8662171363830566,0.015511485747992992,0.0729546919465065,22.738935470581055,0.8274245262145996
liver_39,liver_39.nii.gz,4,6,3468441639,0.0706624984741211,0.01099987979978323,0.059448085725307465,24.517242431640625,0.8383903503417969,1.0055442806536363e-12,9.999999974752427e-07,120.0,0.8555921912193298,0.011836259625852108,0.061666764318943024,24.198978424072266,0.8370824456214905
liver_39,liver_39.nii.gz,4,7,3281878802,0.07408857345581055,0.012718209065496922,0.06441628187894821,23.820087432861328,0.8297460079193115,6.953076135685077e-12,1.0000001111620804e-06,120.0,0.8726888298988342,0.013735881075263023,0.06694389134645462,23.485782623291016,0.8263099193572998
liver_39,liver_39.nii.gz,8,0,2016387533,0.13661623001098633,0.007587114814668894,0.04766423627734184,26.436147689819336,0.8552078604698181,3.155145589239794e-11,1.0000004522225936e-06,120.0,0.8880280256271362,0.008787650614976883,0.05129685252904892,25.798185348510742,0.8500147461891174
liver_39,liver_39.nii.gz,8,1,300722031,0.12754440307617188,0.006166394334286451,0.03953203186392784,28.061017990112305,0.8581942319869995,2.3880199900849775e-11,1.0000003385357559e-06,120.0,0.8838570713996887,0.007067860569804907,0.04232310131192207,27.46845054626465,0.8544427156448364
liver_39,liver_39.nii.gz,8,2,329093188,0.13590478897094727,0.00548913050442934,0.03515418618917465,29.080459594726562,0.8665094375610352,1.6292500334968985e-11,1.0000002248489182e-06,120.0,0.8942984342575073,0.006352460477501154,0.03781779855489731,28.446075439453125,0.8621388673782349
liver_39,liver_39.nii.gz,8,3,1876974225,0.13773727416992188,0.006009445060044527,0.039850667119026184,27.991287231445312,0.8645135760307312,1.4031613544684962e-11,1.0000002248489182e-06,120.0,0.8922711610794067,0.006969389971345663,0.04291565716266632,27.34768295288086,0.8600795269012451
liver_39,liver_39.nii.gz,8,4,137989798,0.1436772346496582,0.004983307793736458,0.033846087753772736,29.40983009338379,0.8687360286712646,1.5914944709316536e-11,1.0000002248489182e-06,120.0,0.8929811120033264,0.005819426849484444,0.03657545521855354,28.7362060546875,0.8646681308746338
liver_39,liver_39.nii.gz,8,5,4135372142,0.1389312744140625,0.005471138283610344,0.035536181181669235,28.98658561706543,0.866608738899231,1.8696134918005924e-11,1.0000002248489182e-06,120.0,0.8882978558540344,0.0063538928516209126,0.03829586133360863,28.336963653564453,0.8631092309951782
liver_39,liver_39.nii.gz,8,6,3772237865,0.1453261375427246,0.008234957233071327,0.05112329125404358,25.827625274658203,0.8581979274749756,1.2052118851524352e-11,1.0000001111620804e-06,120.0,0.8927749991416931,0.009635204449295998,0.055299170315265656,25.145627975463867,0.8523186445236206
liver_39,liver_39.nii.gz,8,7,1957279506,0.14561891555786133,0.005614755675196648,0.03513259440660477,29.085796356201172,0.86539626121521,1.4620877425430834e-11,1.0000002248489182e-06,120.0,0.8899054527282715,0.006571722682565451,0.03800882399082184,28.402311325073242,0.861219048500061
liver_39,liver_39.nii.gz,16,0,4032621543,0.24457597732543945,0.002657391130924225,0.02254287339746952,32.939815521240234,0.8902152180671692,6.178549338820005e-11,1.0000009069699445e-06,119.99999237060547,0.9055718183517456,0.003517747623845935,0.02593665011227131,31.721723556518555,0.8852435350418091
liver_39,liver_39.nii.gz,16,1,4041773305,0.2519402503967285,0.003503001295030117,0.027621746063232422,31.174976348876953,0.8829006552696228,4.7261219243699415e-11,1.0000007932831068e-06,119.99999237060547,0.9022016525268555,0.0046827825717628,0.03193617984652519,29.91434097290039,0.876400351524353
liver_39,liver_39.nii.gz,16,2,2308438761,0.24120187759399414,0.002494891406968236,0.021714508533477783,33.26499938964844,0.8911831378936768,6.871178626077779e-11,1.0000010206567822e-06,119.99999237060547,0.9050188064575195,0.0032879512291401625,0.02492796815931797,32.066261291503906,0.8867852091789246
liver_39,liver_39.nii.gz,16,3,2925260917,0.24836969375610352,0.0028752232901751995,0.023755066096782684,32.4848747253418,0.8879796862602234,6.208632219451005e-11,1.0000009069699445e-06,119.99999237060547,0.9039928913116455,0.0038253155071288347,0.027400221675634384,31.244916915893555,0.8826882839202881
liver_39,liver_39.nii.gz,16,4,2214784214,0.25284576416015625,0.0026438706554472446,0.02104269154369831,33.5379753112793,0.8899480104446411,6.032781912912455e-11,1.0000009069699445e-06,119.99999237060547,0.9036876559257507,0.0035385875962674618,0.02434423752129078,32.27207565307617,0.8852983117103577
liver_39,liver_39.nii.gz,16,5,2826950630,0.2564659118652344,0.0035559218376874924,0.02799071930348873,31.05971908569336,0.8830243945121765,5.659822610581955e-11,1.0000009069699445e-06,119.99999237060547,0.9026799201965332,0.004782459698617458,0.03246112912893295,29.772727966308594,0.8762447834014893
liver_39,liver_39.nii.gz,16,6,247837673,0.25712060928344727,0.0024955659173429012,0.02093985117971897,33.580528259277344,0.8911532163619995,5.6829284333925756e-11,1.0000009069699445e-06,119.99999237060547,0.9032069444656372,0.0033593149855732918,0.024294862523674965,32.289710998535156,0.8869813680648804
liver_39,liver_39.nii.gz,16,7,2578732292,0.2446589469909668,0.0030717928893864155,0.024637656286358833,32.16801071166992,0.8852514028549194,7.23865412055602e-11,1.00000113434362e-06,119.99999237060547,0.9020025730133057,0.00406676298007369,0.028348354622721672,30.94944190979004,0.8798257112503052
liver_39,liver_39.nii.gz,32,0,2215057056,0.4317803382873535,0.0013383731711655855,0.01436886377632618,36.8515510559082,0.9020129442214966,1.5257065055784835e-10,1.0000024985856726e-06,119.99998474121094,0.911081850528717,0.0023553797509521246,0.019061816856265068,34.39671325683594,0.8951219320297241
liver_39,liver_39.nii.gz,32,1,373667625,0.4410743713378906,0.001147716655395925,0.012206578627228737,38.26811981201172,0.903557538986206,1.3452473857089586e-10,1.0000022712119971e-06,119.99998474121094,0.9109786748886108,0.0020534333307296038,0.016327396035194397,35.741661071777344,0.897701621055603
liver_39,liver_39.nii.gz,32,2,3707664747,0.4246983528137207,0.0011174021055921912,0.012208589352667332,38.26668930053711,0.9044057726860046,1.5094668570636571e-10,1.0000023848988349e-06,119.99998474121094,0.9121072292327881,0.0019422888290137053,0.01609599031507969,35.86564636230469,0.8987206816673279
liver_39,liver_39.nii.gz,32,3,1833561355,0.42143964767456055,0.001506392378360033,0.015208397060632706,36.358333587646484,0.900367259979248,1.492364565258697e-10,1.0000023848988349e-06,119.99998474121094,0.9097974896430969,0.0026036910712718964,0.019994432106614113,33.98181915283203,0.8934981822967529
liver_39,liver_39.nii.gz,32,4,833007309,0.4373288154602051,0.0014672065153717995,0.015393204987049103,36.25341796875,0.9008023142814636,1.4452573859902174e-10,1.0000023848988349e-06,119.99998474121094,0.9102214574813843,0.0026075730565935373,0.020521150901913643,33.75596618652344,0.8934816718101501
liver_39,liver_39.nii.gz,32,5,2538181724,0.42984819412231445,0.0013027245877310634,0.01391170546412468,37.13239288330078,0.9026311635971069,1.5237300310388946e-10,1.0000024985856726e-06,119.99998474121094,0.9106798768043518,0.002284873276948929,0.018424050882458687,34.692298889160156,0.8965634107589722
liver_39,liver_39.nii.gz,32,6,2878170606,0.43122291564941406,0.0011918037198483944,0.01240408793091774,38.12870407104492,0.9031416177749634,1.3821706279504298e-10,1.0000022712119971e-06,119.99998474121094,0.9105097651481628,0.0020953791681677103,0.016447268426418304,35.678123474121094,0.8975558280944824
liver_39,liver_39.nii.gz,32,7,134255727,0.4295792579650879,0.0013758542481809855,0.014204642735421658,36.951393127441406,0.9011662006378174,1.415387806957824e-10,1.0000023848988349e-06,119.99998474121094,0.910454273223877,0.0024119990412145853,0.01880756951868534,34.51334762573242,0.8941717743873596
liver_39,liver_39.nii.gz,64,0,1263548683,0.6627817153930664,0.00042271765414625406,0.006441975012421608,43.819618225097656,0.9099285006523132,3.675990623008829e-10,1.0000070460591814e-06,119.99993896484375,0.9137403964996338,0.0012535423738881946,0.01109336968511343,39.098731994628906,0.9024367928504944
liver_39,liver_39.nii.gz,64,1,1190113845,0.6668233871459961,0.000551836914382875,0.009264384396374226,40.663673400878906,0.9088000059127808,3.283097960160575e-10,1.0000063639381551e-06,119.99993896484375,0.913250207901001,0.001656288979575038,0.016050158068537712,35.89041519165039,0.899893581867218
liver_39,liver_39.nii.gz,64,2,164734481,0.6573309898376465,0.00043669959995895624,0.006921836175024509,43.19557189941406,0.9097417593002319,3.459785791193326e-10,1.0000065913118306e-06,119.99993896484375,0.9137216210365295,0.0012744057457894087,0.0118245305493474,38.54431915283203,0.9021077156066895
liver_39,liver_39.nii.gz,64,3,2984871233,0.6619467735290527,0.0005271122790873051,0.008405289612710476,41.50894546508789,0.9090336561203003,3.4488803479781893e-10,1.0000067049986683e-06,119.99993896484375,0.9133659601211548,0.0015592575073242188,0.014456399716436863,36.798797607421875,0.9005510210990906
liver_39,liver_39.nii.gz,64,4,728899253,0.6676220893859863,0.000421763863414526,0.007149019744247198,42.915069580078125,0.9099171757698059,3.5318142854734447e-10,1.000006818685506e-06,119.99993896484375,0.9140636920928955,0.001268927939236164,0.01240024995058775,38.13139343261719,0.901589035987854
liver_39,liver_39.nii.gz,64,5,3928827092,0.6742591857910156,0.0003928870428353548,0.006457152776420116,43.79917907714844,0.9101737141609192,3.543898507984977e-10,1.0000067049986683e-06,119.99993896484375,0.9138646125793457,0.0012061332818120718,0.011313708499073982,38.92790222167969,0.9025343060493469
liver_39,liver_39.nii.gz,64,6,1503088984,0.6443243026733398,0.00046078598825260997,0.00718797417357564,42.86787033081055,0.9095556139945984,3.7188652157738034e-10,1.0000070460591814e-06,119.99993896484375,0.9138956069946289,0.0012955220881849527,0.012052563950419426,38.37841033935547,0.9016940593719482
liver_39,liver_39.nii.gz,64,7,148281684,0.6683492660522461,0.00037785054882988334,0.006322640925645828,43.98202896118164,0.9101933240890503,3.401292303362169e-10,1.0000063639381551e-06,119.99993896484375,0.9141853451728821,0.0011393019231036305,0.0109788803383708,39.188838958740234,0.902148962020874
liver_39,liver_39.nii.gz,128,0,3208558889,0.8766193389892578,9.057393617695197e-05,0.0029736976139247417,50.534061431884766,0.9122090339660645,5.310297201965852e-10,1.0000092061090982e-06,119.99992370605469,0.9136345982551575,0.0007340977899730206,0.0084659019485116,41.446533203125,0.9020817279815674
liver_39,liver_39.nii.gz,128,1,1513793236,0.8742852210998535,8.207668724935502e-05,0.0029268034268170595,50.6721305847168,0.9123445153236389,5.488782206519716e-10,1.0000094334827736e-06,119.99991607666016,0.9137902855873108,0.0006528763333335519,0.008254682645201683,41.665992736816406,0.9022908210754395
liver_39,liver_39.nii.gz,128,2,2982273896,0.8658223152160645,0.0001010728592518717,0.0033419672399759293,49.51995849609375,0.9121702909469604,5.469837915939024e-10,1.0000094334827736e-06,119.99991607666016,0.9137616157531738,0.0007532726158387959,0.009123511612415314,40.79676055908203,0.9019019603729248
liver_39,liver_39.nii.gz,128,3,4153234101,0.870182991027832,6.602908979402855e-05,0.0024507432244718075,52.214046478271484,0.9124928712844849,5.640830580411205e-10,1.000009660856449e-06,119.99991607666016,0.9140298366546631,0.0005086282035335898,0.006801926996558905,43.34735870361328,0.9021914005279541
liver_39,liver_39.nii.gz,128,4,2085469022,0.8727717399597168,0.00013179302914068103,0.0036337433848530054,48.79291534423828,0.9119499325752258,5.165236016679842e-10,1.000008865048585e-06,119.99992370605469,0.913331151008606,0.0010358750587329268,0.010187378153204918,39.838748931884766,0.9024754166603088
liver_39,liver_39.nii.gz,128,5,1037562550,0.8782649040222168,0.0001366942306049168,0.0038086248096078634,48.38463592529297,0.9119328260421753,5.311505124616644e-10,1.0000092061090982e-06,119.99992370605469,0.9132886528968811,0.0011228788644075394,0.01091591827571392,39.238792419433594,0.9021525382995605
liver_39,liver_39.nii.gz,128,6,1303694447,0.8709239959716797,8.684111526235938e-05,0.0031775112729519606,49.95825958251953,0.9123082756996155,5.512258982598439e-10,1.0000095471696113e-06,119.99991607666016,0.9137969017028809,0.0006727868458256125,0.008844317868351936,41.06671142578125,0.902265191078186
liver_39,liver_39.nii.gz,128,7,1176975656,0.8737649917602539,0.00010720230056904256,0.0036208205856382847,48.82386016845703,0.9120476245880127,5.35507360677201e-10,1.0000093197959359e-06,119.99991607666016,0.9134693145751953,0.0008492241613566875,0.01019100658595562,39.83565902709961,0.9022077918052673
liver_98,liver_98.nii.gz,4,0,450769836,0.07300424575805664,0.01238999329507351,0.05476770177483559,25.229509353637695,0.816218912601471,1.5572633243685075e-12,9.999999974752427e-07,120.0,0.855820894241333,0.013365750201046467,0.05688341334462166,24.900285720825195,0.8131001591682434
liver_98,liver_98.nii.gz,4,1,3961870598,0.06688165664672852,0.013983160257339478,0.06218039244413376,24.126930236816406,0.8074415326118469,3.824596889190346e-12,9.999999974752427e-07,120.0,0.8265823125839233,0.014985409565269947,0.06437022984027863,23.826297760009766,0.806069552898407
liver_98,liver_98.nii.gz,4,2,3454674851,0.07456636428833008,0.016677524894475937,0.07287228107452393,22.74875259399414,0.8069350719451904,3.2398593356741667e-12,9.999999974752427e-07,120.0,0.8501100540161133,0.01802130788564682,0.07575123757123947,22.41220474243164,0.8034562468528748
liver_98,liver_98.nii.gz,4,3,730128597,0.07461833953857422,0.014293172396719456,0.06369359791278839,23.9180850982666,0.8113098740577698,2.856708142609521e-12,9.999999974752427e-07,120.0,0.8611013889312744,0.015445705503225327,0.06621178984642029,23.5812931060791,0.8072948455810547
liver_98,liver_98.nii.gz,4,4,45323205,0.07187032699584961,0.014139479026198387,0.06253673881292343,24.07729721069336,0.81342613697052,7.909163775299266e-13,9.999999974752427e-07,120.0,0.8519635200500488,0.015234379097819328,0.06491287797689438,23.75338363647461,0.8104419708251953
liver_98,liver_98.nii.gz,4,5,3001904335,0.07576894760131836,0.02014102414250374,0.08120208233594894,21.80865478515625,0.7910000085830688,4.501322925509754e-12,9.999999974752427e-07,120.0,0.8398954272270203,0.021792195737361908,0.08446502685546875,21.466463088989258,0.7869915962219238
liver_98,liver_98.nii.gz,4,6,1480829213,0.07241153717041016,0.013297509402036667,0.05897822976112366,24.586164474487305,0.810488224029541,7.862315833107036e-12,1.0000001111620804e-06,120.0,0.8436097502708435,0.01433556992560625,0.061237022280693054,24.259719848632812,0.8079026341438293
liver_98,liver_98.nii.gz,4,7,1336723815,0.07293272018432617,0.018153052777051926,0.07615997642278671,22.365463256835938,0.8083446621894836,2.9227323686265017e-12,9.999999974752427e-07,120.0,0.8622050285339355,0.019581159576773643,0.07909903675317764,22.036575317382812,0.804107666015625
liver_98,liver_98.nii.gz,8,0,2814933822,0.13559532165527344,0.008473875001072884,0.044553548097610474,27.022354125976562,0.8437902927398682,1.5094559283057585e-11,1.0000002248489182e-06,120.0,0.8754106760025024,0.009803134016692638,0.04792076349258423,26.389524459838867,0.8388301134109497
liver_98,liver_98.nii.gz,8,1,2503602484,0.13773345947265625,0.008170532062649727,0.04297345131635666,27.335994720458984,0.8463691473007202,2.5567617467636694e-11,1.0000003385357559e-06,120.0,0.8806177973747253,0.0094756456092,0.04627852141857147,26.69240951538086,0.8408985137939453
liver_98,liver_98.nii.gz,8,2,3750055665,0.14703893661499023,0.008537623099982738,0.04498966410756111,26.937744140625,0.8435608744621277,1.836894872320194e-11,1.0000002248489182e-06,120.0,0.8755266666412354,0.010009394027292728,0.04871336743235588,26.24703598022461,0.8380504846572876
liver_98,liver_98.nii.gz,8,3,2851776862,0.14497756958007812,0.009469585493206978,0.0477522537112236,26.420124053955078,0.8416112065315247,1.6143609019025895e-11,1.0000002248489182e-06,120.0,0.8800681233406067,0.011075248010456562,0.051642242819070816,25.739898681640625,0.8350904583930969
liver_98,liver_98.nii.gz,8,4,2060297527,0.14091062545776367,0.007677524350583553,0.03874552622437477,28.23556900024414,0.8465958833694458,2.410968126531632e-11,1.0000003385357559e-06,120.0,0.8758108615875244,0.008936816826462746,0.04180251061916351,27.575952529907227,0.8418039679527283
liver_98,liver_98.nii.gz,8,5,3293759732,0.1279001235961914,0.010618756525218487,0.05296402797102928,25.5203800201416,0.8315412998199463,3.511044233128757e-11,1.0000005659094313e-06,120.0,0.875018298625946,0.012176078744232655,0.056714996695518494,24.926042556762695,0.8251650333404541
liver_98,liver_98.nii.gz,8,6,383153300,0.13941621780395508,0.008740153163671494,0.04469457268714905,26.994905471801758,0.8449287414550781,1.598089195697927e-11,1.0000002248489182e-06,120.0,0.881665825843811,0.010156074538826942,0.04817904531955719,26.34283447265625,0.8389773368835449
liver_98,liver_98.nii.gz,8,7,1704352872,0.1367177963256836,0.009563969448208809,0.048900727182626724,26.213693618774414,0.8379528522491455,2.4441622337167956e-11,1.0000003385357559e-06,120.0,0.8770908117294312,0.011078612878918648,0.052630674093961716,25.575220108032227,0.8317546248435974
liver_98,liver_98.nii.gz,16,0,4235395963,0.25659799575805664,0.004060669802129269,0.0245240218937397,32.208168029785156,0.8813455104827881,7.338432639336645e-11,1.00000113434362e-06,119.99999237060547,0.8970953226089478,0.005462280008941889,0.028443289920687675,30.92040252685547,0.8759093880653381
liver_98,liver_98.nii.gz,16,1,876833242,0.25359058380126953,0.005074148066341877,0.030932791531085968,30.19161605834961,0.8717377781867981,7.32709309891888e-11,1.00000113434362e-06,119.99999237060547,0.8960192799568176,0.00679807597771287,0.03580391779541969,28.921390533447266,0.8634883165359497
liver_98,liver_98.nii.gz,16,2,3028451316,0.2507052421569824,0.0042647793889045715,0.025451652705669403,31.88568115234375,0.8778598308563232,5.966394739376213e-11,1.0000010206567822e-06,119.99999237060547,0.8965028524398804,0.0056917243637144566,0.02940286323428154,30.6322078704834,0.8716222643852234
liver_98,liver_98.nii.gz,16,3,111154431,0.24888992309570312,0.0050260270945727825,0.030888980254530907,30.203929901123047,0.872866153717041,6.38189986967852e-11,1.0000010206567822e-06,119.99999237060547,0.8958469033241272,0.006691465619951487,0.035641156136989594,28.96096420288086,0.865251362323761
liver_98,liver_98.nii.gz,16,4,2333719765,0.25280332565307617,0.0039293174631893635,0.024134749546647072,32.347145080566406,0.8826389908790588,8.040272614362465e-11,1.0000012480304576e-06,119.99999237060547,0.8971037864685059,0.005258745979517698,0.027920639142394066,31.081493377685547,0.8777450919151306
liver_98,liver_98.nii.gz,16,5,3892881600,0.24783658981323242,0.004859458189457655,0.029836371541023254,30.505081176757812,0.8738746047019958,7.595483270117498e-11,1.00000113434362e-06,119.99999237060547,0.8960020542144775,0.006460641510784626,0.03440249338746071,29.268203735351562,0.8665837049484253
liver_98,liver_98.nii.gz,16,6,3248881473,0.24541568756103516,0.00476464070379734,0.027878008782863617,31.094764709472656,0.8732657432556152,7.765658255332042e-11,1.0000012480304576e-06,119.99999237060547,0.8969635963439941,0.006314259022474289,0.03209281712770462,29.871843338012695,0.8655585050582886
liver_98,liver_98.nii.gz,16,7,2879474281,0.2532649040222168,0.004539034329354763,0.027281520888209343,31.282630920410156,0.8750771284103394,6.02527958082355e-11,1.0000009069699445e-06,119.99999237060547,0.8952232599258423,0.0060785068199038506,0.03157077729701996,30.014293670654297,0.8682443499565125
liver_98,liver_98.nii.gz,32,0,1873693882,0.4235548973083496,0.0021117699798196554,0.01574629917740822,36.05643081665039,0.8997340202331543,1.6831323834676226e-10,1.0000028396461857e-06,119.99996948242188,0.9103716015815735,0.003663436509668827,0.020739560946822166,33.66400909423828,0.8919179439544678
liver_98,liver_98.nii.gz,32,1,1311569322,0.43299245834350586,0.002288924064487219,0.01638038270175457,35.71352005004883,0.8976999521255493,1.4777679080424377e-10,1.0000024985856726e-06,119.99998474121094,0.90887850522995,0.0040368493646383286,0.021753523498773575,33.24940490722656,0.8891638517379761
liver_98,liver_98.nii.gz,32,2,1766186442,0.4306154251098633,0.002021131571382284,0.015152889303863049,36.39009094238281,0.8999333381652832,1.6932938384783824e-10,1.0000028396461857e-06,119.99996948242188,0.9111460447311401,0.0035496773198246956,0.020081335678696632,33.944149017333984,0.8914535641670227
liver_98,liver_98.nii.gz,32,3,2801092250,0.429166316986084,0.002486576559022069,0.017595665529370308,35.091888427734375,0.8948902487754822,1.7181671363442064e-10,1.0000029533330235e-06,119.99996948242188,0.9074618220329285,0.004356043878942728,0.02328900247812271,32.656982421875,0.8854389786720276
liver_98,liver_98.nii.gz,32,4,692965252,0.43233680725097656,0.0021309172734618187,0.015878677368164062,35.98371124267578,0.8991146087646484,1.770813495838297e-10,1.0000029533330235e-06,119.99996948242188,0.9102297425270081,0.003753840923309326,0.021075066179037094,33.524620056152344,0.8906494379043579
liver_98,liver_98.nii.gz,32,5,195508675,0.4350771903991699,0.0020750700496137142,0.015112470835447311,36.413291931152344,0.8999029994010925,1.766263385549749e-10,1.0000029533330235e-06,119.99996948242188,0.9103006720542908,0.0036731918808072805,0.020106706768274307,33.93318176269531,0.8918955326080322
liver_98,liver_98.nii.gz,32,6,2922641874,0.43170690536499023,0.0023204258177429438,0.017599182203412056,35.09014892578125,0.8977293968200684,1.621137946106188e-10,1.000002725959348e-06,119.99996948242188,0.9093781113624573,0.0040831491351127625,0.023345667868852615,32.6358757019043,0.8888804912567139
liver_98,liver_98.nii.gz,32,7,2277271561,0.42417097091674805,0.0023958224337548018,0.017107220366597176,35.33641052246094,0.8966187238693237,1.9021621777692843e-10,1.000003180706699e-06,119.99996948242188,0.9098563194274902,0.004160648677498102,0.02254408970475197,32.93934631347656,0.8868677616119385
liver_98,liver_98.nii.gz,64,0,3719278064,0.6618571281433105,0.0007366196950897574,0.00838559865951538,41.52931594848633,0.9118527770042419,4.2982581383022023e-10,1.000008069240721e-06,119.99993133544922,0.917152464389801,0.0021784265991300344,0.014420620165765285,36.82032012939453,0.9014798998832703
liver_98,liver_98.nii.gz,64,1,981023984,0.6604752540588379,0.0008089772891253233,0.00905082281678915,40.86623764038086,0.9112163186073303,4.202645731421484e-10,1.0000079555538832e-06,119.99993133544922,0.9169003367424011,0.0023826747201383114,0.015532893128693104,36.17495346069336,0.9001598358154297
liver_98,liver_98.nii.gz,64,2,771854633,0.6635947227478027,0.0007861459162086248,0.008378305472433567,41.53687286376953,0.9112667441368103,4.253891960903644e-10,1.000008069240721e-06,119.99993133544922,0.9167242050170898,0.0023369004484266043,0.014445241540670395,36.805503845214844,0.9005018472671509
liver_98,liver_98.nii.gz,64,3,3921168120,0.6540322303771973,0.0008254350395873189,0.01018071360886097,39.84443664550781,0.9107804894447327,4.436332690094247e-10,1.0000082966143964e-06,119.99992370605469,0.9175546169281006,0.0023858719505369663,0.017308538779616356,35.23479080200195,0.8979749083518982
liver_98,liver_98.nii.gz,64,4,1745145062,0.6628384590148926,0.0008068734314292669,0.00925460085272789,40.67284393310547,0.911401629447937,4.173948964236729e-10,1.0000077281802078e-06,119.99993133544922,0.9173327684402466,0.002393135102465749,0.015938177704811096,35.95122528076172,0.8997415900230408
liver_98,liver_98.nii.gz,64,5,4012865009,0.6625218391418457,0.0008124595624394715,0.008820105344057083,41.09052658081055,0.9114092588424683,4.358260419223825e-10,1.0000082966143964e-06,119.99992370605469,0.9166470170021057,0.002407442545518279,0.015182767063379288,36.372982025146484,0.9011269211769104
liver_98,liver_98.nii.gz,64,6,330632015,0.6686139106750488,0.0006547673256136477,0.007695040199905634,42.275779724121094,0.9125300645828247,4.504034367691645e-10,1.0000085239880718e-06,119.99992370605469,0.9177897572517395,0.0019758432172238827,0.013367301784455776,37.4791259765625,0.9019185304641724
liver_98,liver_98.nii.gz,64,7,2222489142,0.672755241394043,0.0007552269380539656,0.008503108285367489,41.408447265625,0.9116386771202087,3.9808814578101703e-10,1.0000073871196946e-06,119.99993133544922,0.9166873693466187,0.0023078343365341425,0.014864194206893444,36.55717468261719,0.9012597799301147
liver_98,liver_98.nii.gz,128,0,594025927,0.88018798828125,0.00015602493658661842,0.004046730697154999,47.857913970947266,0.9163312911987305,6.842776900661818e-10,1.0000118209063658e-06,119.99989318847656,0.918116569519043,0.0013022428611293435,0.01169106550514698,38.64291763305664,0.9032162427902222
liver_98,liver_98.nii.gz,128,1,4098549979,0.8662395477294922,0.00017894202028401196,0.004655958618968725,46.63982009887695,0.9160726070404053,6.937076468815917e-10,1.000012161966879e-06,119.99989318847656,0.9182149171829224,0.0013377752620726824,0.0127304932102561,37.90309524536133,0.9022004008293152
liver_98,liver_98.nii.gz,128,2,3554770083,0.8776149749755859,0.00016872654668986797,0.004415321163833141,47.10075378417969,0.9161494970321655,6.872979407823721e-10,1.0000119345932035e-06,119.99989318847656,0.9180729389190674,0.0013786486815661192,0.01262112706899643,37.97803497314453,0.9023572206497192
liver_98,liver_98.nii.gz,128,3,3736652786,0.873173713684082,0.0001064988027792424,0.0029609156772494316,50.57147979736328,0.9167006015777588,6.838627997218794e-10,1.000011707219528e-06,119.99989318847656,0.9186776280403137,0.00083971704589203,0.008314217440783978,41.60357666015625,0.9030902981758118
liver_98,liver_98.nii.gz,128,4,3688919396,0.8684372901916504,0.00018004578305408359,0.0037990338169038296,48.40653991699219,0.9161404371261597,6.712035371947422e-10,1.000011707219528e-06,119.99989318847656,0.9180410504341125,0.001368512399494648,0.010473859496414661,39.59786605834961,0.9035954475402832
liver_98,liver_98.nii.gz,128,5,3951053865,0.869349479675293,0.0001267808402189985,0.003506520763039589,49.102474212646484,0.9165312051773071,7.004364865892398e-10,1.000012161966879e-06,119.99989318847656,0.9186086654663086,0.0009703767718747258,0.009701096452772617,40.263587951660156,0.9027088284492493
liver_98,liver_98.nii.gz,128,6,2778908558,0.8752474784851074,0.00013642104750033468,0.003277802374213934,49.6883430480957,0.9164583683013916,6.814917519193386e-10,1.000011707219528e-06,119.99989318847656,0.9183403849601746,0.001093528582714498,0.009280215948820114,40.64883804321289,0.9032543897628784
liver_98,liver_98.nii.gz,128,7,694377123,0.8683986663818359,0.00018312591419089586,0.004086315166205168,47.77336120605469,0.9161189794540405,6.675012764745247e-10,1.0000115935326903e-06,119.99989318847656,0.918078601360321,0.0013915158342570066,0.011264234781265259,38.965965270996094,0.9031879901885986

